StartingDivYield,Fwd10yRealReturn,YearKey
0.042811,0.045498,1881
0.046457,0.044681,1881
0.054054,0.078455,1882
0.053333,0.081322,1882
0.055215,0.070957,1883
0.056859,0.043010,1883
0.063378,0.061540,1884
0.071368,0.073851,1884
0.071745,0.072259,1885
0.060359,0.067151,1885
0.045827,0.044399,1886
0.042833,0.037015,1886
0.039875,0.038959,1887
0.042487,0.046608,1887
0.046761,0.060967,1888
0.046362,0.064588,1888
0.043740,0.078395,1889
0.042302,0.067632,1889
0.040892,0.053132,1890
0.039711,0.048466,1890
0.045455,0.085384,1891
0.046122,0.099343,1891
0.040236,0.076543,1892
0.041823,0.076796,1892
0.042923,0.076877,1893
0.058804,0.082156,1893
0.057106,0.068619,1894
0.053341,0.069839,1894
0.049012,0.087891,1895
0.042013,0.090063,1895
0.044309,0.105192,1896
0.045594,0.097568,1896
0.042654,0.094379,1897
0.040359,0.063668,1897
0.037234,0.050211,1898
0.037736,0.061279,1898
0.033026,0.056406,1899
0.032771,0.065000,1899
0.035656,0.074264,1900
0.044795,0.061196,1900
0.042673,0.055313,1901
0.039306,0.050844,1901
0.039507,0.043997,1902
0.037884,0.042138,1902
0.039208,0.045121,1903
0.049883,0.048011,1903
0.051901,0.052883,1904
0.048186,0.040168,1904
0.036975,0.019545,1905
0.036268,0.019939,1905
0.034022,0.024585,1906
0.040927,0.026749,1906
0.042186,0.024351,1907
0.052002,0.028076,1907
0.063752,0.011113,1908
0.052614,-0.004421,1908
0.044514,-0.018562,1909
0.042586,-0.007838,1909
0.043899,-0.021001,1910
0.052951,-0.023211,1910
0.050701,-0.037513,1911
0.048806,-0.045469,1911
0.051623,-0.021186,1912
0.049614,-0.004962,1912
0.051613,0.004865,1913
0.058323,0.005976,1913
0.056750,0.014183,1914
0.057943,0.026680,1914
0.056257,0.045630,1915
0.053159,0.041064,1915
0.047245,0.040767,1916
0.054800,0.048015,1916
0.059645,0.058743,1917
0.072332,0.091574,1917
0.094313,0.136944,1918
0.082557,0.149778,1918
0.072191,0.183079,1919
0.057487,0.179578,1919
0.059830,0.168709,1920
0.065525,0.189143,1920
0.071139,0.162836,1921
0.073629,0.157143,1921
0.063589,0.085201,1922
0.057485,0.023642,1922
0.057494,0.061805,1923
0.064727,0.123932,1923
0.060215,0.105453,1924
0.059989,0.087316,1924
0.052382,0.067100,1925
0.052180,0.078318,1925
0.048024,0.091665,1926
0.051704,0.101182,1926
0.051993,0.105816,1927
0.048403,0.080855,1927
0.044307,0.028859,1928
0.042625,0.028953,1928
0.034594,0.005936,1929
0.032303,-0.011006,1929
0.044717,0.019701,1930
0.046334,-0.001168,1930
0.060494,0.027622,1931
0.061877,0.026826,1931
0.095578,0.056216,1932
0.126407,0.094957,1932
0.069817,0.064688,1933
0.041407,0.035617,1933
0.041822,0.039052,1934
0.047075,0.060205,1934
0.048596,0.067509,1935
0.041315,0.061209,1935
0.034884,0.055447,1936
0.036632,0.034846,1936
0.041501,-0.001567,1937
0.049286,0.007774,1937
0.070144,0.031122,1938
0.058279,0.028817,1938
0.041067,0.021148,1939
0.046114,0.024701,1939
0.050677,0.036128,1940
0.065732,0.059527,1940
0.063823,0.070401,1941
0.067576,0.079392,1941
0.078761,0.109481,1942
0.074846,0.119910,1942
0.058474,0.110618,1943
0.048043,0.082921,1943
0.051758,0.092520,1944
0.048718,0.102797,1944
0.047690,0.118441,1945
0.044204,0.129813,1945
0.036996,0.111820,1946
0.037858,0.129773,1946
0.046899,0.149359,1947
0.048827,0.152935,1947
0.056867,0.146683,1948
0.052172,0.148751,1948
0.061632,0.175368,1949
0.069558,0.184082,1949
0.068128,0.161473,1950
0.071538,0.153566,1950
0.070093,0.141733,1951
0.070528,0.147570,1951
0.058426,0.143129,1952
0.057815,0.115500,1952
0.053858,0.123542,1953
0.058460,0.137099,1953
0.057214,0.141389,1954
0.048346,0.129863,1954
0.043446,0.112901,1955
0.037167,0.089742,1955
0.037826,0.095291,1956
0.037174,0.075140,1956
0.038227,0.080357,1957
0.035869,0.084467,1957
0.043369,0.103179,1958
0.037625,0.095267,1958
0.031583,0.074062,1959
0.030075,0.055760,1959
0.032167,0.051467,1960
0.034921,0.035139,1960
0.032597,0.048822,1961
0.029747,0.043667,1961
0.029342,0.041600,1962
0.036276,0.064611,1962
0.032842,0.059252,1963
0.031900,0.037978,1963
0.030041,0.013293,1964
0.028839,-0.019043,1964
0.029223,-0.034852,1965
0.030935,-0.011767,1965
0.029361,-0.017817,1966
0.033201,-0.002551,1966
0.034103,-0.002404,1967
0.031251,-0.017592,1967
0.030829,-0.029416,1968
0.029943,-0.029061,1968
0.030196,-0.029041,1969
0.033119,-0.021311,1969
0.035027,-0.011689,1970
0.042041,0.011338,1970
0.033480,-0.001923,1971
0.031279,-0.012628,1971
0.029719,-0.026995,1972
0.028669,-0.037192,1972
0.026661,-0.017385,1973
0.030592,0.010888,1973
0.035376,0.023933,1974
0.044509,0.038022,1974
0.049936,0.064623,1975
0.040112,0.052964,1975
0.038027,0.057238,1976
0.036372,0.067467,1976
0.039467,0.078936,1977
0.043979,0.101418,1977
0.052225,0.089454,1978
0.050897,0.091089,1978
0.051282,0.095743,1979
0.052548,0.112614,1979
0.051398,0.109891,1980
0.049944,0.110790,1980
0.046617,0.089761,1981
0.049832,0.113685,1981
0.056777,0.135043,1982
0.062370,0.142850,1982
0.047702,0.114313,1983
0.041677,0.101259,1983
0.042788,0.107804,1984
0.048533,0.113017,1984
0.044134,0.101435,1985
0.040381,0.108599,1985
0.038136,0.110224,1986
0.033902,0.097015,1986
0.031380,0.105054,1987
0.027626,0.109346,1987
0.035356,0.138077,1988
0.034584,0.151276,1988
0.034384,0.153899,1989
0.031405,0.148382,1989
0.032768,0.149486,1990
0.032571,0.145425,1990
0.037195,0.146429,1991
0.032068,0.115856,1991
0.029417,0.100635,1992
0.029739,0.074844,1992
0.028521,0.068869,1993
0.027991,0.076440,1993
0.026688,0.084638,1994
0.028511,0.085671,1994
0.028329,0.089597,1995
0.024113,0.072217,1995
0.022612,0.066080,1996
0.022358,0.058355,1996
0.019516,0.054743,1997
0.016445,0.039733,1997
0.016141,0.024907,1998
0.013848,-0.005676,1998
0.013039,-0.044203,1999
0.011958,-0.045960,1999
0.011724,-0.030346,2000
0.011258,-0.035287,2000
0.012107,-0.008212,2001
0.013041,0.004422,2001
0.013802,0.007833,2002
0.017663,0.037053,2002
0.017994,0.047352,2003
0.016433,0.049051,2003
0.015541,0.045249,2004
0.016988,0.056699,2004
0.016678,0.055515,2005
0.017272,0.055801,2005
0.017523,0.044371,2006
0.018774,0.059101,2006
0.017613,0.050846,2007
0.017387,0.054196,2007
0.020250,0.078404,2008
0.022871,0.091080,2008
0.032364,0.119795,2009
0.026743,0.126024,2009
0.019794,0.115510,2010
0.020507,0.117726,2010
0.017903,0.117178,2011
0.018578,0.127077,2011
0.020557,0.131113,2012
0.021138,0.103714,2012
0.021303,0.095005,2013
