CompanyKey,SectorKey,AgeBandKey,Price,PE,PB,DivYield,EPS,MarketCapBn,Payer,PayoutRatio,Age,Founded
MMM,Industrials,100-150y,172.620000,30.660744,27.592710,0.018100,5.630000,89.024004,True,0.554960,124,1902
AOS,Industrials,100-150y,60.780000,16.208000,4.460917,0.023700,3.750000,8.377224,True,0.384130,110,1916
ABT,Health Care,100-150y,103.060000,33.352753,3.448091,0.024500,3.090000,179.511263,True,0.817142,138,1888
ABBV,Health Care,<25y,259.360000,126.517070,-68.850540,0.026700,2.050000,458.235347,True,3.378006,13,2013
ACN,Information Technology,25-50y,146.990000,11.740416,2.820169,0.044400,12.520000,89.949372,True,0.521274,37,1989
ADBE,Information Technology,25-50y,225.110000,12.870784,7.798178,,17.490000,89.481224,False,,44,1982
AMD,Information Technology,50-75y,521.950000,175.151020,13.198220,,2.980000,851.091980,False,,57,1969
AES,Utilities,25-50y,14.840000,7.729167,2.394321,0.047400,1.920000,10.583260,True,0.366362,45,1981
AFL,Financials,50-75y,125.600000,14.354285,2.140204,0.019400,8.750000,63.928500,True,0.278473,71,1955
A,Health Care,25-50y,138.570000,27.881290,5.490965,0.007400,4.970000,39.136596,True,0.206322,27,1999
APD,Materials,75-100y,297.870000,31.354736,4.238332,0.024300,9.500000,66.329895,True,0.761920,86,1940
ABNB,Consumer Discretionary,<25y,141.100000,34.839504,10.994235,,4.050000,83.743547,False,,18,2008
AKAM,Information Technology,25-50y,115.370000,38.845120,3.420803,,2.970000,16.773120,False,,28,1998
ALB,Materials,25-50y,114.850000,,1.777946,0.014300,-3.420000,13.544794,True,,32,1994
ARE,Real Estate,25-50y,50.940000,,0.552692,0.056500,-6.270000,8.877286,True,,32,1994
ALGN,Health Care,25-50y,167.015000,28.069748,2.882601,,5.950000,11.961302,False,,29,1997
ALLE,Industrials,100-150y,153.360000,20.125984,6.157305,0.013800,7.620000,13.041241,True,0.277739,118,1908
LNT,Utilities,100-150y,74.940000,23.566038,2.607788,0.028600,3.180000,19.355281,True,0.673989,109,1917
ALL,Financials,75-100y,259.970000,5.750277,2.265494,0.016600,45.210000,66.921718,True,0.095455,95,1931
GOOGL,Communication Services,25-50y,319.740000,16.051205,6.282222,0.002800,19.920000,3910.399427,True,0.044943,28,1998
GOOG,Communication Services,25-50y,319.090000,16.002506,6.269451,0.002800,19.940000,3902.449910,True,0.044807,28,1998
MO,Consumer Staples,25-50y,72.990000,15.237995,-37.976063,0.058100,4.790000,121.885352,True,0.885328,41,1985
AMZN,Consumer Discretionary,25-50y,232.110000,27.764355,5.648408,,8.360000,2496.832733,False,,32,1994
AMCR,Materials,<25y,44.540000,35.632000,1.766689,0.058400,1.250000,20.592878,True,2.080909,7,2019
AEE,Utilities,100-150y,113.780000,20.464030,2.322420,0.026400,5.560000,31.488799,True,0.540250,124,1902
AEP,Utilities,100-150y,135.540000,99.661760,2.317993,0.028000,1.360000,73.747988,True,2.790529,120,1906
AXP,Financials,150y+,326.170000,19.803888,6.543554,0.011700,16.470000,222.554440,True,0.231705,176,1850
AIG,Financials,100-150y,79.060000,13.919014,1.042733,0.025300,5.680000,41.918104,True,0.352151,107,1919
AMT,Real Estate,25-50y,166.670000,26.882260,22.049213,0.041900,6.200000,77.650395,True,1.126367,31,1995
AWK,Utilities,100-150y,134.660000,23.875887,2.382562,0.026600,5.640000,26.296476,True,0.635099,140,1886
AMP,Financials,100-150y,528.900000,131.567170,7.669553,0.012900,4.020000,46.754763,True,1.697216,132,1894
AME,Industrials,75-100y,241.970000,36.496227,5.079135,0.005600,6.630000,55.460254,True,0.204379,96,1930
AMGN,Health Care,25-50y,376.040000,26.186630,22.083628,0.026800,14.360000,202.951901,True,0.701802,46,1980
APH,Information Technology,75-100y,152.670000,43.870690,13.427441,0.006600,3.480000,187.819901,True,0.289547,94,1932
ADI,Information Technology,50-75y,371.860000,55.254086,5.368036,0.011800,6.730000,181.128184,True,0.651998,61,1965
AON,Financials,25-50y,361.700000,19.840923,7.856383,0.009100,18.230000,77.250781,True,0.180552,44,1982
APA,Energy,50-75y,36.150000,8.426574,1.979087,0.027700,4.290000,12.777950,True,0.233416,72,1954
AAPL,Information Technology,25-50y,333.020000,40.317190,45.870520,0.003200,8.260000,4891.182891,True,0.129015,49,1977
AMAT,Information Technology,50-75y,536.250000,50.494350,17.807331,0.004000,10.620000,425.760752,True,0.201977,59,1967
APTV,Consumer Discretionary,25-50y,56.550000,33.660713,1.300598,,1.680000,11.967141,False,,32,1994
ACGL,Financials,25-50y,103.360000,7.956890,1.555362,,12.990000,36.112908,False,,31,1995
ADM,Consumer Staples,100-150y,85.920000,38.357143,1.816068,0.024200,2.240000,41.409704,True,0.928243,124,1902
ANET,Information Technology,<25y,173.990000,59.790380,16.244047,,2.910000,219.082899,False,,22,2004
AJG,Financials,75-100y,247.770000,40.157210,2.677263,0.011300,6.170000,63.662522,True,0.453776,99,1927
AIZ,Financials,100-150y,276.940000,14.202051,2.343672,0.012700,19.500000,13.721723,True,0.180366,134,1892
T,Communication Services,25-50y,24.130000,7.963696,1.502865,0.046000,3.030000,165.348065,True,0.366330,43,1983
ATO,Utilities,100-150y,179.220000,22.071428,2.006561,0.022300,8.120000,29.915372,True,0.492193,120,1906
ADSK,Information Technology,25-50y,209.750000,30.575802,13.877861,,6.860000,44.287717,False,,44,1982
ADP,Industrials,75-100y,250.090000,23.307550,15.777554,0.027200,10.730000,99.969540,True,0.633965,77,1949
AZO,Consumer Discretionary,25-50y,2957.410000,20.325842,-17.385178,,145.500000,48.280769,False,,47,1979
AVB,Real Estate,25-50y,189.610000,26.045328,2.183944,0.037600,7.280000,27.111135,True,0.979304,48,1978
AVY,Materials,75-100y,160.900000,18.119368,5.361903,0.024900,8.880000,12.307302,True,0.451172,91,1935
AXON,Industrials,25-50y,502.340000,204.203250,11.452477,,2.460000,40.489648,False,,33,1993
BKR,Energy,<25y,57.250000,18.290733,2.939817,0.016100,3.130000,56.795931,True,0.294481,9,2017
BALL,Materials,100-150y,63.840000,18.612244,3.034365,0.012500,3.430000,16.997177,True,0.232653,146,1880
BAC,Financials,25-50y,62.050000,14.330255,1.577195,0.020600,4.330000,440.343462,True,0.295203,28,1998
BAX,Health Care,75-100y,22.400000,,1.914366,0.008900,-1.910000,11.568905,True,,95,1931
BDX,Health Care,100-150y,156.360000,27.335665,1.785258,0.026900,5.720000,43.083502,True,0.735329,129,1897
BRK.B,Financials,150y+,,,,,,,False,,187,1839
BBY,Consumer Discretionary,50-75y,85.430000,15.820370,5.838573,0.044900,5.400000,18.005836,True,0.710335,60,1966
TECH,Health Care,25-50y,71.600000,102.285710,5.374165,0.004500,0.700000,11.156043,True,0.460286,50,1976
BIIB,Health Care,25-50y,202.190000,21.740860,1.600022,,9.300000,29.850749,False,,48,1978
BLK,Financials,25-50y,1055.670000,25.315828,2.893277,0.021700,41.700000,171.654398,True,0.549353,38,1988
BX,Financials,25-50y,130.000000,29.082775,11.536073,0.038200,4.470000,161.798963,True,1.110962,41,1985
BA,Industrials,100-150y,209.520000,82.488190,27.601107,,2.540000,165.165105,False,,110,1916
BKNG,Consumer Discretionary,25-50y,177.460000,23.411612,-15.865891,0.009100,7.580000,137.509945,True,0.213046,30,1996
BSX,Health Care,25-50y,44.250000,18.514643,2.542811,,2.390000,65.771217,False,,47,1979
BMY,Health Care,25-50y,62.090000,17.392157,6.317664,0.040600,3.570000,126.792204,True,0.706122,37,1989
AVGO,Information Technology,50-75y,381.920000,63.653336,20.722734,0.006800,6.000000,1817.015091,True,0.432843,65,1961
BR,Industrials,50-75y,148.920000,15.927272,6.112547,0.026200,9.350000,17.223834,True,0.417295,64,1962
BRO,Financials,75-100y,67.660000,22.039090,1.800474,0.009800,3.070000,22.933211,True,0.215983,87,1939
BF.B,Consumer Staples,150y+,,,,,,,False,,156,1870
BLDR,Industrials,25-50y,72.860000,27.809162,1.956393,,2.620000,7.836812,False,,28,1998
BG,Consumer Staples,150y+,121.530000,31.981579,1.469528,0.023700,3.800000,23.579021,True,0.757963,208,1818
BXP,Real Estate,50-75y,69.110000,34.728640,2.128492,0.040500,1.990000,12.323103,True,1.406510,56,1970
CHRW,Industrials,100-150y,186.505000,37.754047,12.931083,0.013500,4.940000,21.983912,True,0.509680,121,1905
CDNS,Information Technology,25-50y,326.240000,76.402810,13.713902,,4.270000,89.982206,False,,38,1988
CPT,Real Estate,25-50y,113.730000,31.768158,2.935044,0.037300,3.580000,11.269574,True,1.184952,45,1981
COF,Financials,25-50y,202.840000,11.175757,1.148142,0.015800,18.150000,124.442345,True,0.176577,32,1994
CAH,Health Care,50-75y,228.030000,34.866974,-18.922081,0.009000,6.540000,53.405962,True,0.313803,55,1971
CCL,Consumer Discretionary,50-75y,26.330000,11.860360,2.785654,0.017100,2.220000,36.062863,True,0.202812,54,1972
CARR,Industrials,<25y,68.880000,45.920000,4.257107,0.013900,1.500000,57.210376,True,0.638288,6,2020
CAT,Industrials,100-150y,888.730000,44.237430,21.937990,0.007300,20.090000,409.341886,True,0.322933,101,1925
CBOE,Financials,50-75y,285.070000,24.323380,5.553023,0.010100,11.720000,29.833654,True,0.245666,53,1973
CBRE,Real Estate,100-150y,139.460000,31.840183,4.793428,,4.380000,40.836202,False,,120,1906
CDW,Information Technology,25-50y,133.820000,16.299635,6.703066,0.018800,8.210000,17.095968,True,0.306433,42,1984
COR,Health Care,25-50y,309.890000,23.746360,17.745522,0.007700,13.050000,60.292530,True,0.182847,41,1985
CNC,Health Care,25-50y,63.410000,,1.461228,,-13.050000,31.311667,False,,42,1984
CNP,Utilities,100-150y,44.560000,27.337423,2.545995,0.021500,1.630000,29.149792,True,0.587755,144,1882
CF,Materials,75-100y,125.070000,11.257426,3.596446,0.019200,11.110000,19.214414,True,0.216143,80,1946
CRL,Health Care,75-100y,226.580000,,3.711384,,-3.720000,10.913844,False,,79,1947
SCHW,Financials,50-75y,101.970000,18.573772,4.173112,0.012600,5.490000,177.339646,True,0.234030,55,1971
CHTR,Communication Services,25-50y,123.310000,3.207856,0.925556,,38.440000,16.619411,False,,33,1993
CVX,Energy,100-150y,194.790000,33.876522,2.096635,0.036600,5.750000,387.943301,True,1.239881,147,1879
CMG,Consumer Discretionary,25-50y,31.790000,29.165138,16.990913,,1.090000,40.778113,False,,33,1993
CB,Financials,25-50y,359.750000,12.757091,1.867677,0.011300,28.200000,139.532665,True,0.144155,41,1985
CHD,Consumer Staples,150y+,97.640000,32.118420,5.525437,0.012600,3.040000,23.135173,True,0.404692,179,1847
CI,Health Care,25-50y,289.570000,12.269916,1.815213,0.021500,23.600000,76.600648,True,0.263803,44,1982
CINF,Financials,75-100y,182.810000,10.452258,1.798550,0.020600,17.490000,28.278282,True,0.215317,76,1950
CTAS,Industrials,75-100y,205.910000,42.022450,16.030361,0.008700,4.900000,82.394276,True,0.365595,97,1929
CSCO,Information Technology,25-50y,114.170000,38.056667,9.206515,0.014700,3.000000,449.993572,True,0.559433,42,1984
C,Financials,25-50y,132.190000,14.244613,1.152083,0.020300,9.280000,221.735518,True,0.289166,28,1998
CFG,Financials,150y+,71.880000,15.660130,1.262137,0.025600,4.590000,30.382070,True,0.400899,198,1828
CLX,Consumer Staples,100-150y,95.550000,15.536586,-172.472930,0.051900,6.150000,11.554036,True,0.806349,113,1913
CME,Financials,150y+,255.310000,21.636440,3.472283,0.020400,11.800000,92.249309,True,0.441383,178,1848
CMS,Utilities,100-150y,74.700000,20.635359,2.496741,0.030500,3.620000,23.076295,True,0.629378,140,1886
KO,Consumer Staples,100-150y,82.250000,25.864779,10.523286,0.025800,3.180000,353.879196,True,0.667311,140,1886
CTSH,Information Technology,25-50y,45.450000,9.859002,1.429740,0.029000,4.610000,21.497850,True,0.285911,32,1994
CL,Consumer Staples,150y+,90.750000,35.174420,501.381230,0.023400,2.580000,72.617181,True,0.823081,220,1806
CMCSA,Communication Services,50-75y,22.295000,7.145834,0.880842,0.059200,3.120000,79.116853,True,0.423033,63,1963
COP,Energy,<25y,120.260000,20.383050,2.270042,0.027900,5.900000,146.512036,True,0.568687,24,2002
ED,Utilities,150y+,113.010000,19.057337,1.624781,0.031100,5.930000,41.647542,True,0.592683,203,1823
STZ,Consumer Staples,75-100y,130.160000,12.396191,2.703388,0.031700,10.500000,22.231896,True,0.392959,81,1945
CEG,Utilities,25-50y,274.350000,23.815104,2.969060,0.006200,11.520000,97.970938,True,0.147654,27,1999
COO,Health Care,50-75y,70.310000,59.584747,1.663276,,1.180000,13.712603,False,,68,1958
CPRT,Industrials,25-50y,27.940000,17.354038,2.948190,,1.610000,25.867172,False,,44,1982
GLW,Information Technology,150y+,146.650000,70.504810,11.260846,0.007600,2.080000,126.212530,True,0.535837,175,1851
CPAY,Financials,25-50y,370.580000,22.177140,6.982063,,16.710000,24.221819,False,,26,2000
CTVA,Materials,<25y,89.250000,48.243244,2.454688,0.008100,1.850000,59.692184,True,0.390770,7,2019
CSGP,Real Estate,25-50y,27.660000,395.142850,1.423059,,0.070000,11.295119,False,,39,1987
COST,Consumer Staples,25-50y,935.030000,46.939260,25.082623,0.006300,19.920000,414.665998,True,0.295717,50,1976
CRWD,Information Technology,<25y,183.280000,,40.272465,,-0.040000,186.626556,False,,15,2011
CCI,Real Estate,25-50y,74.900000,30.571428,-9.757687,0.056700,2.450000,32.731300,True,1.733400,32,1994
CSX,Industrials,25-50y,53.230000,30.947674,7.002104,0.010500,1.720000,98.607235,True,0.324951,46,1980
CMI,Industrials,100-150y,664.650000,34.491440,7.425676,0.013200,19.270000,91.714437,True,0.455287,107,1919
CVS,Health Care,25-50y,107.740000,47.254387,1.770729,0.024700,2.280000,137.468412,True,1.167183,30,1996
DHR,Health Care,50-75y,191.500000,34.135470,2.559545,0.008400,5.610000,134.621831,True,0.286738,57,1969
DRI,Consumer Discretionary,75-100y,196.310000,18.803640,10.164656,0.031200,10.440000,22.484365,True,0.586674,88,1938
DVA,Health Care,25-50y,235.440000,22.682081,-20.625494,,10.380000,15.111717,False,,47,1979
DECK,Consumer Discretionary,50-75y,96.040000,13.661450,5.769208,,7.030000,13.338127,False,,53,1973
DE,Industrials,150y+,628.160000,35.589800,6.187122,0.010300,17.650000,169.563898,True,0.366575,189,1837
DELL,Information Technology,<25y,437.500000,34.832800,-202.265370,0.005800,12.560000,282.687308,True,0.202030,10,2016
DAL,Industrials,75-100y,85.060000,14.106135,2.550295,0.009100,6.030000,55.937413,True,0.128366,97,1929
DVN,Energy,50-75y,45.040000,12.545961,1.812913,0.023100,3.590000,51.949277,True,0.289812,55,1971
DXCM,Health Care,25-50y,71.540000,30.703863,9.336987,,2.330000,27.605354,False,,27,1999
FANG,Energy,<25y,204.680000,208.857130,1.578675,0.021500,0.980000,57.579205,True,4.490429,19,2007
DLR,Real Estate,<25y,199.080000,382.846160,2.758564,0.024500,0.520000,74.907632,True,9.379731,22,2004
DG,Consumer Staples,75-100y,117.230000,16.581330,2.924171,0.020100,7.070000,25.859373,True,0.333285,87,1939
DLTR,Consumer Staples,25-50y,120.450000,19.333868,6.642219,,6.230000,23.147430,False,,40,1986
D,Utilities,25-50y,71.100000,20.973450,2.219655,0.037600,3.390000,62.533337,True,0.788602,43,1983
DPZ,Consumer Discretionary,50-75y,332.970000,18.865156,-2.764889,0.023900,17.650000,11.015225,True,0.450877,66,1960
DOV,Industrials,50-75y,202.200000,24.449818,3.681987,0.010300,8.270000,27.232340,True,0.251833,71,1955
DOW,Materials,<25y,29.840000,,1.359082,0.046900,-1.830000,21.554647,True,,7,2019
DHI,Consumer Discretionary,25-50y,146.760000,13.990467,1.729681,0.012300,10.490000,41.048957,True,0.172083,48,1978
DTE,Utilities,25-50y,149.460000,24.582240,2.523085,0.031200,6.080000,31.091915,True,0.766966,31,1995
DUK,Utilities,100-150y,130.520000,20.080000,1.898583,0.033300,6.500000,101.752906,True,0.668664,122,1904
DD,Materials,<25y,137.700000,120.789474,1.339937,0.017400,1.140000,18.592172,True,2.101737,9,2017
ETN,Industrials,100-150y,404.070000,39.537180,7.956014,0.010900,10.220000,156.900377,True,0.430955,115,1911
EBAY,Consumer Discretionary,25-50y,109.390000,25.263279,11.058431,0.011300,4.330000,48.569160,True,0.285475,31,1995
ECL,Materials,100-150y,268.750000,36.366710,7.560626,0.010900,7.390000,75.636326,True,0.396397,103,1923
EIX,Utilities,100-150y,79.750000,8.668478,1.780333,0.044000,9.200000,30.687318,True,0.381413,140,1886
EW,Health Care,50-75y,82.630000,49.184525,4.616459,,1.680000,47.578354,False,,68,1958
EA,Communication Services,25-50y,209.060000,59.561253,7.748990,0.003600,3.510000,52.422107,True,0.214421,44,1982
ELV,Health Care,<25y,377.680000,16.696728,1.824664,0.018200,22.620000,81.907196,True,0.303880,12,2014
EMR,Industrials,100-150y,147.940000,34.245370,4.081216,0.015000,4.320000,82.861187,True,0.513681,136,1890
ETR,Utilities,100-150y,115.950000,29.579080,3.060255,0.022100,3.920000,54.101701,True,0.653698,113,1913
EOG,Energy,25-50y,146.390000,14.394297,2.533225,0.027900,10.170000,77.971489,True,0.401601,27,1999
EQT,Energy,100-150y,53.030000,12.303945,1.320501,0.012400,4.310000,33.171114,True,0.152569,138,1888
EFX,Industrials,100-150y,172.540000,30.323374,4.632319,0.013000,5.690000,20.270844,True,0.394204,127,1899
EQIX,Real Estate,25-50y,1084.240000,75.190010,7.478755,0.018200,14.420000,106.932355,True,1.368458,28,1998
EQR,Real Estate,50-75y,67.860000,29.633188,2.423398,0.041400,2.290000,26.219475,True,1.226814,57,1969
ERIE,Financials,100-150y,223.550000,20.452880,4.966785,0.026200,10.930000,11.689400,True,0.535866,101,1925
ESS,Real Estate,50-75y,293.460000,33.010120,3.471995,0.035300,8.890000,20.227080,True,1.165257,55,1971
EL,Consumer Staples,75-100y,80.290000,,7.274622,0.017400,-0.700000,29.048515,True,,80,1946
EG,Financials,50-75y,385.120000,7.843585,1.002405,0.020800,49.100000,15.239814,True,0.163147,53,1973
EVRG,Utilities,100-150y,87.180000,23.186170,1.978620,0.031900,3.760000,20.096125,True,0.739639,117,1909
ES,Utilities,50-75y,74.910000,16.040686,1.703739,0.042100,4.670000,28.172157,True,0.675313,60,1966
EXC,Utilities,25-50y,47.530000,17.410255,1.658988,0.035300,2.730000,48.633082,True,0.614582,26,2000
EXPE,Consumer Discretionary,25-50y,259.940000,22.983200,54.154163,0.006800,11.310000,31.198540,True,0.156286,30,1996
EXPD,Industrials,25-50y,175.300000,28.319872,10.131191,0.009200,6.190000,22.927686,True,0.260543,47,1979
EXR,Real Estate,25-50y,147.710000,33.193260,2.339850,0.043900,4.450000,32.598700,True,1.457184,49,1977
XOM,Energy,25-50y,156.940000,26.465431,2.557234,0.026300,5.930000,650.508042,True,0.696041,27,1999
FFIV,Information Technology,25-50y,392.210000,32.148360,6.099120,,12.200000,22.128194,False,,30,1996
FDS,Financials,25-50y,254.360000,16.745228,4.477854,0.018200,15.190000,9.046452,True,0.304763,48,1978
FICO,Information Technology,50-75y,1237.370000,39.219334,-13.715181,,31.550000,28.695732,False,,70,1956
FAST,Industrials,50-75y,47.020000,40.188038,13.260012,0.020400,1.170000,53.955338,True,0.819836,59,1967
FRT,Real Estate,50-75y,126.080000,21.850954,3.456235,0.035900,5.770000,10.958672,True,0.784449,64,1962
FDX,Industrials,50-75y,314.960000,16.978975,2.398507,0.015500,18.550000,74.513605,True,0.263174,55,1971
FIS,Financials,50-75y,41.510000,8.044574,1.343235,0.040500,5.160000,21.455653,True,0.325805,58,1968
FITB,Financials,150y+,57.410000,19.329966,1.902316,0.027900,2.970000,52.046356,True,0.539306,168,1858
FSLR,Information Technology,25-50y,202.820000,131.701310,2.206148,,1.540000,21.793692,False,,27,1999
FE,Utilities,25-50y,49.920000,27.130434,2.281953,0.037300,1.840000,28.875282,True,1.011965,29,1997
F,Consumer Discretionary,100-150y,14.370000,,1.528886,0.041800,-1.550000,57.260036,True,,123,1903
FTNT,Information Technology,25-50y,152.370000,59.058140,113.034120,,2.580000,111.633629,False,,26,2000
FTV,Industrials,<25y,62.310000,36.652943,3.130369,0.003900,1.700000,18.995890,True,0.142946,10,2016
FOXA,Communication Services,<25y,55.310000,14.555264,2.121758,0.010100,3.800000,23.224705,True,0.147008,7,2019
FOX,Communication Services,<25y,49.410000,13.002632,1.895427,0.011300,3.800000,20.747291,True,0.146930,7,2019
BEN,Financials,75-100y,32.490000,24.801529,1.392508,0.040600,1.310000,16.883012,True,1.006942,79,1947
FCX,Materials,100-150y,62.600000,30.686274,4.358117,0.009600,2.040000,89.991242,True,0.294588,114,1912
GRMN,Consumer Discretionary,25-50y,243.030000,27.093645,5.056699,0.017300,8.970000,46.869844,True,0.468720,37,1989
IT,Information Technology,25-50y,140.500000,13.883399,150.428270,,10.120000,9.406740,False,,47,1979
GE,Industrials,100-150y,353.730000,41.664314,20.806425,0.005300,8.490000,367.017001,True,0.220821,134,1892
GEHC,Health Care,25-50y,60.580000,14.527578,2.583149,0.002300,4.170000,27.557345,True,0.033413,32,1994
GEV,Industrials,<25y,1014.750000,29.067602,22.602740,0.002000,34.910000,270.262010,True,0.058135,2,2024
GEN,Information Technology,25-50y,25.840000,16.458600,5.918461,0.019300,1.570000,15.566891,True,0.317651,44,1982
GNRC,Industrials,50-75y,202.010000,63.326015,4.437537,,3.190000,11.892062,False,,67,1959
GD,Industrials,100-150y,386.750000,24.323900,4.004411,0.016400,15.900000,104.588870,True,0.398912,127,1899
GIS,Consumer Staples,150y+,36.030000,,3.479814,0.067700,-0.160000,19.229512,True,,170,1856
GM,Consumer Discretionary,100-150y,82.640000,36.892857,1.222304,0.008700,2.240000,74.743874,True,0.320968,118,1908
GPC,Consumer Discretionary,100-150y,124.210000,496.840000,3.783314,0.034200,0.250000,17.123560,True,16.991928,101,1925
GILD,Health Care,25-50y,129.310000,17.617165,6.829874,0.025400,7.340000,160.547406,True,0.447476,39,1987
GPN,Financials,25-50y,80.920000,29.749998,0.929848,0.012400,2.720000,22.135140,True,0.368900,26,2000
GL,Financials,100-150y,173.480000,11.534574,2.220658,0.007600,15.040000,13.469813,True,0.087663,126,1900
GDDY,Information Technology,25-50y,93.160000,14.763867,52.073784,,6.310000,12.335302,False,,29,1997
GS,Financials,150y+,1061.230000,16.392185,2.895967,0.018800,64.740000,313.070715,True,0.308173,157,1869
HAL,Energy,100-150y,33.360000,17.465970,2.584043,0.020400,1.910000,27.868871,True,0.356306,107,1919
HIG,Financials,150y+,140.530000,9.711818,2.082018,0.017100,14.470000,38.523605,True,0.166072,216,1810
HAS,Consumer Discretionary,100-150y,88.790000,15.798933,19.390697,0.031500,5.620000,12.562958,True,0.497666,103,1923
HCA,Health Care,50-75y,382.190000,12.820866,-13.493505,0.008200,29.810000,84.784955,True,0.105131,58,1968
DOC,Real Estate,25-50y,22.270000,69.593750,1.978325,0.054800,0.320000,15.353378,True,3.813737,41,1985
HSIC,Health Care,75-100y,85.470000,25.821753,2.994430,,3.310000,9.736465,False,,94,1932
HSY,Consumer Staples,100-150y,174.300000,32.458103,7.468507,0.033300,5.370000,35.355603,True,1.080855,132,1894
HPE,Information Technology,<25y,47.690000,44.570090,2.495160,0.012000,1.070000,63.151264,True,0.534841,11,2015
HLT,Consumer Discretionary,100-150y,324.970000,49.538110,-12.565540,0.001800,6.560000,73.978888,True,0.089169,107,1919
HD,Consumer Discretionary,25-50y,332.980000,23.632364,23.927853,0.028000,14.090000,332.019925,True,0.661706,48,1978
HON,Industrials,100-150y,243.150000,9.344734,5.668625,0.039200,26.020000,77.063963,True,0.366314,120,1906
HRL,Consumer Staples,100-150y,25.310000,29.776468,1.752163,0.046200,0.850000,13.928471,True,1.375673,135,1891
HST,Real Estate,25-50y,24.500000,16.666666,2.457865,0.032700,1.470000,16.997274,True,0.545000,33,1993
HWM,Industrials,100-150y,289.260000,1701.529400,21.005010,0.001700,0.170000,115.735093,True,2.892600,138,1888
HPQ,Information Technology,75-100y,25.750000,9.537037,-164.012730,0.046600,2.700000,23.548959,True,0.444426,87,1939
HUBB,Industrials,100-150y,486.090000,28.728724,6.815715,0.011700,16.920000,25.685858,True,0.336126,138,1888
HUM,Health Care,50-75y,389.320000,41.505330,2.515735,0.009100,9.380000,46.742344,True,0.377699,65,1961
HBAN,Financials,150y+,17.360000,13.353848,1.179268,0.035700,1.300000,35.074404,True,0.476732,160,1866
HII,Industrials,<25y,287.590000,18.686810,2.200248,0.019200,15.390000,11.332205,True,0.358787,15,2011
IBM,Information Technology,100-150y,214.190000,19.005323,6.105236,0.031600,11.270000,201.795764,True,0.600568,115,1911
IEX,Industrials,25-50y,223.270000,32.979320,4.096246,0.013100,6.770000,16.525342,True,0.432029,38,1988
IDXX,Health Care,25-50y,544.320000,39.994125,27.717690,,13.610000,42.937594,False,,43,1983
ITW,Industrials,100-150y,283.020000,26.254173,25.217855,0.022800,10.780000,81.424851,True,0.598595,114,1912
INCY,Health Care,25-50y,117.670000,16.620056,4.184417,,7.080000,23.508367,False,,35,1991
IR,Industrials,150y+,84.400000,57.027027,3.245655,0.000900,1.480000,33.028829,True,0.051324,167,1859
PODD,Health Care,25-50y,163.260000,38.144855,8.681272,,4.280000,11.308150,False,,26,2000
INTC,Information Technology,50-75y,92.320000,,4.162871,,-2.090000,465.662050,False,,58,1968
ICE,Financials,25-50y,145.790000,21.221250,2.799293,0.014300,6.870000,82.446066,True,0.303464,26,2000
IFF,Materials,50-75y,75.940000,23.510836,1.372517,0.021100,3.230000,19.387746,True,0.496079,68,1958
IP,Materials,100-150y,42.160000,,1.507275,0.043900,-5.190000,22.324435,True,,128,1898
INTU,Information Technology,25-50y,296.330000,18.079927,3.939773,0.016200,16.390000,81.057210,True,0.292895,43,1983
ISRG,Health Care,25-50y,337.500000,38.748566,6.574078,,8.710000,120.918843,False,,31,1995
IVZ,Financials,75-100y,29.930000,,1.361569,0.028700,-1.470000,13.267869,True,,91,1935
INVH,Real Estate,<25y,29.780000,31.347370,1.945769,0.040300,0.950000,17.690571,True,1.263299,14,2012
IQV,Health Care,25-50y,208.050000,25.844720,5.581639,,8.050000,34.723545,False,,44,1982
IRM,Real Estate,50-75y,128.310000,139.467390,-31.417727,0.026900,0.920000,38.175392,True,3.751673,75,1951
JBHT,Industrials,50-75y,288.300000,40.951702,7.403507,0.006200,7.040000,27.071369,True,0.253901,65,1961
JBL,Information Technology,50-75y,312.590000,39.073750,24.767450,0.001000,8.000000,32.755395,True,0.039074,60,1966
JKHY,Financials,25-50y,150.580000,21.060140,5.022850,0.015800,7.150000,10.698827,True,0.332750,50,1976
J,Industrials,75-100y,134.560000,39.693214,4.829864,0.010700,3.390000,15.888963,True,0.424717,79,1947
JNJ,Health Care,100-150y,263.400000,30.592335,7.807914,0.020300,8.610000,634.767278,True,0.621024,140,1886
JCI,Industrials,100-150y,143.370000,43.844036,6.470933,0.011200,3.270000,87.472267,True,0.491053,141,1885
JPM,Financials,25-50y,353.210000,15.126766,2.655574,0.017000,23.350000,938.902815,True,0.257155,26,2000
KVUE,Consumer Staples,<25y,19.280000,22.952383,3.489593,0.043000,0.840000,37.017768,True,0.986952,4,2022
KDP,Consumer Staples,25-50y,29.680000,21.985186,1.598449,0.031000,1.350000,40.381407,True,0.681541,45,1981
KEY,Financials,150y+,22.650000,13.245613,1.403694,0.036200,1.710000,24.281592,True,0.479491,201,1825
KEYS,Information Technology,<25y,318.670000,51.315620,8.595048,,6.210000,54.459228,False,,12,2014
KMB,Consumer Staples,150y+,109.700000,21.218567,20.273518,0.046700,5.170000,36.413854,True,0.990907,154,1872
KIM,Real Estate,50-75y,26.100000,30.000000,1.694255,0.039800,0.870000,17.601573,True,1.194000,68,1958
KMI,Energy,25-50y,32.860000,21.200000,2.311480,0.035900,1.550000,73.107775,True,0.761080,29,1997
KKR,Financials,25-50y,99.360000,33.795918,3.161512,0.007500,2.940000,92.647391,True,0.253469,50,1976
KLAC,Information Technology,50-75y,210.520000,59.468930,47.191216,0.004400,3.540000,274.997051,True,0.261663,51,1975
KHC,Consumer Staples,<25y,25.670000,,0.726208,0.062300,-4.860000,30.438912,True,,11,2015
KR,Consumer Staples,100-150y,56.870000,33.257310,6.146779,0.025300,1.710000,34.841252,True,0.841410,143,1883
LHX,Industrials,<25y,300.210000,32.560734,2.920870,0.016700,9.220000,55.927603,True,0.543764,7,2019
LH,Health Care,25-50y,296.770000,26.309397,2.798186,0.009700,11.280000,24.335139,True,0.255201,48,1978
LRCX,Information Technology,25-50y,305.210000,57.804920,36.059784,0.003400,5.280000,381.686776,True,0.196537,46,1980
LVS,Consumer Discretionary,25-50y,46.080000,17.860466,25.500830,0.026000,2.580000,30.534328,True,0.464372,38,1988
LDOS,Industrials,50-75y,112.140000,10.259835,2.813770,0.015300,10.930000,14.105582,True,0.156975,57,1969
LEN,Consumer Discretionary,50-75y,84.640000,13.266458,0.943054,0.023600,6.380000,20.389364,True,0.313088,72,1954
LLY,Health Care,100-150y,1196.030000,42.548203,34.253517,0.005800,28.110000,1066.549445,True,0.246780,150,1876
LIN,Materials,100-150y,512.280000,34.015938,6.144805,0.012500,15.060000,236.851282,True,0.425199,147,1879
LYV,Communication Services,<25y,177.240000,,-293.443730,,-1.770000,41.246020,False,,16,2010
LMT,Industrials,25-50y,582.600000,21.506090,17.892570,0.023700,27.090000,134.458687,True,0.509694,31,1995
L,Financials,50-75y,117.900000,15.000000,1.297058,0.002100,7.860000,24.260151,True,0.031500,67,1959
LOW,Consumer Discretionary,100-150y,207.640000,17.537163,-12.565965,0.024100,11.840000,116.425220,True,0.422646,122,1904
LULU,Consumer Discretionary,25-50y,114.280000,9.253441,2.709790,,12.350000,12.976942,False,,28,1998
LYB,Materials,<25y,60.320000,,1.939176,0.068300,-2.120000,19.470377,True,,19,2007
MTB,Financials,150y+,249.600000,13.213341,1.417972,0.024000,18.890000,36.175274,True,0.317120,170,1856
MPC,Energy,<25y,309.240000,20.371540,5.408468,0.012600,15.180000,90.278486,True,0.256681,17,2009
MAR,Consumer Discretionary,75-100y,374.430000,39.207330,-24.220842,0.007800,9.550000,98.732933,True,0.305817,99,1927
MLM,Materials,25-50y,559.600000,35.084637,2.974918,0.005900,15.950000,33.601683,True,0.206999,33,1993
MAS,Industrials,75-100y,79.270000,19.621286,-66.058330,0.016100,4.040000,15.991487,True,0.315903,97,1929
MA,Financials,50-75y,539.660000,31.248405,71.232834,0.006400,17.270000,476.834857,True,0.199990,60,1966
MKC,Consumer Staples,100-150y,49.960000,8.312812,1.920062,0.038400,6.010000,13.431823,True,0.319212,137,1889
MCD,Consumer Discretionary,75-100y,264.760000,21.826876,-146.276260,0.028100,12.130000,188.113535,True,0.613335,86,1940
MCK,Health Care,150y+,840.900000,21.926990,-46.458565,0.004500,38.350000,98.450678,True,0.098671,193,1833
MDT,Health Care,75-100y,83.210000,22.308311,2.153579,0.034600,3.730000,106.512556,True,0.771868,77,1949
MRK,Health Care,100-150y,131.070000,36.921130,7.055879,0.025900,3.550000,323.719922,True,0.956257,135,1891
META,Communication Services,<25y,595.190000,21.643272,6.199056,0.003500,27.500000,1510.844137,True,0.075751,22,2004
MET,Financials,150y+,94.830000,18.342360,2.242056,0.025000,5.170000,61.017113,True,0.458559,158,1868
MTD,Health Care,75-100y,1327.180000,31.154463,-640.221900,,42.600000,26.819123,False,,81,1945
MGM,Consumer Discretionary,25-50y,45.540000,62.383560,4.788140,,0.730000,11.651465,False,,40,1986
MCHP,Information Technology,25-50y,78.860000,358.454560,6.645879,0.023100,0.220000,42.821640,True,8.280300,37,1989
MU,Information Technology,25-50y,920.950000,20.831260,10.322816,0.000600,44.210000,1040.114647,True,0.012499,48,1978
MSFT,Information Technology,50-75y,381.700000,22.733770,6.843323,0.009500,16.790000,2835.433652,True,0.215971,51,1975
MAA,Real Estate,25-50y,133.880000,40.693012,2.811483,0.045700,3.290000,15.975452,True,1.859671,49,1977
MRNA,Health Care,<25y,54.070000,,2.897642,,-8.140000,21.454234,False,,16,2010
TAP,Consumer Staples,<25y,40.950000,,0.764777,0.046900,-10.550000,7.680228,True,,21,2005
MDLZ,Consumer Staples,<25y,60.520000,90.328354,3.016949,0.033000,0.670000,77.686489,True,2.980836,14,2012
MPWR,Information Technology,25-50y,1333.810000,95.204140,17.819298,0.006000,14.010000,65.530089,True,0.571225,29,1997
MNST,Consumer Staples,<25y,93.490000,45.164253,10.476244,,2.070000,91.433976,False,,14,2012
MCO,Financials,100-150y,471.500000,29.936508,26.993761,0.008700,15.750000,81.654841,True,0.260448,117,1909
MS,Financials,75-100y,214.480000,17.324717,3.240956,0.021400,12.380000,337.162568,True,0.370749,91,1935
MOS,Materials,<25y,22.300000,159.285700,0.600479,0.039500,0.140000,7.087980,True,6.291786,22,2004
MSI,Information Technology,75-100y,417.830000,33.668816,27.296661,0.011600,12.410000,69.357937,True,0.390558,98,1928
MSCI,Financials,50-75y,550.790000,30.114267,-14.888630,0.014900,18.290000,40.042430,True,0.448703,57,1969
NDAQ,Financials,50-75y,92.090000,26.848394,4.322054,0.012600,3.430000,51.476222,True,0.338290,55,1971
NTAP,Information Technology,25-50y,167.740000,26.374214,24.334833,0.012400,6.360000,32.863609,True,0.327040,34,1992
NFLX,Communication Services,25-50y,70.090000,22.040878,9.679602,,3.180000,291.850519,False,,29,1997
NEM,Materials,100-150y,93.190000,11.751576,2.800180,0.011200,7.930000,98.193588,True,0.131618,105,1921
NWSA,Communication Services,<25y,26.760000,33.873417,1.715275,0.007500,0.790000,14.501441,True,0.254051,13,2013
NWS,Communication Services,<25y,30.190000,38.215190,1.935132,0.006600,0.790000,16.360183,True,0.252220,13,2013
NEE,Utilities,25-50y,89.780000,20.175282,3.390355,0.027800,4.450000,187.245642,True,0.560873,42,1984
NKE,Consumer Discretionary,50-75y,41.700000,19.857143,4.160016,0.039300,2.100000,61.861900,True,0.780386,62,1964
NI,Utilities,100-150y,46.680000,23.223880,2.316855,0.025700,2.010000,22.380225,True,0.596854,114,1912
NDSN,Industrials,75-100y,295.770000,31.565634,5.146332,0.011100,9.370000,16.479697,True,0.350379,91,1935
NSC,Industrials,100-150y,350.660000,29.945347,4.845914,0.015400,11.710000,78.761173,True,0.461158,145,1881
NTRS,Financials,100-150y,180.520000,15.495280,2.760160,0.018200,11.650000,22.173585,True,0.282014,137,1889
NOC,Industrials,25-50y,542.240000,17.241335,4.499917,0.017300,31.450000,77.032251,True,0.298275,32,1994
NCLH,Consumer Discretionary,<25y,19.370000,15.620968,3.657477,,1.240000,8.892964,False,,15,2011
NRG,Utilities,25-50y,141.030000,153.293470,7.103712,0.013500,0.920000,29.755421,True,2.069462,34,1992
NUE,Materials,75-100y,247.560000,24.559525,2.628053,0.009000,10.080000,56.379548,True,0.221036,86,1940
NVDA,Information Technology,25-50y,206.840000,31.626911,25.630732,0.004800,6.540000,5009.871733,True,0.151809,33,1993
NVR,Consumer Discretionary,25-50y,6414.670000,16.666676,5.015340,,384.880000,17.179468,False,,46,1980
NXPI,Information Technology,50-75y,269.240000,256.419040,6.224626,0.015100,1.050000,67.975307,True,3.871928,73,1953
ORLY,Consumer Discretionary,50-75y,87.400000,28.469057,-68.174730,,3.070000,72.429699,False,,69,1957
OXY,Energy,100-150y,57.300000,77.432434,1.853349,0.018200,0.740000,56.992567,True,1.409270,106,1920
ODFL,Industrials,75-100y,232.990000,48.539580,11.022329,0.005000,4.800000,48.454533,True,0.242698,92,1934
OMC,Communication Services,25-50y,79.660000,,2.405775,0.040200,-0.370000,22.703596,True,,40,1986
ON,Information Technology,25-50y,86.810000,63.830880,4.658938,,1.360000,33.785201,False,,27,1999
OKE,Energy,100-150y,93.160000,16.606060,2.625261,0.045900,5.610000,58.693861,True,0.762218,120,1906
ORCL,Information Technology,25-50y,114.990000,19.723843,8.818252,0.017400,5.830000,331.225367,True,0.343195,49,1977
OTIS,Industrials,<25y,71.930000,18.491003,-4.787673,0.024500,3.890000,27.381547,True,0.453030,6,2020
PCAR,Industrials,100-150y,132.240000,28.196163,3.522455,0.010600,4.690000,69.596094,True,0.298879,121,1905
PKG,Materials,50-75y,254.390000,32.994812,4.909866,0.023600,7.710000,22.665806,True,0.778678,67,1959
PLTR,Information Technology,<25y,122.920000,138.112370,34.870922,,0.890000,294.677578,False,,23,2003
PANW,Information Technology,<25y,323.790000,276.743620,9.514280,,1.170000,263.888863,False,,21,2005
PH,Industrials,100-150y,987.540000,36.494457,8.523195,0.008100,27.060000,124.515353,True,0.295605,109,1917
PAYX,Industrials,50-75y,113.550000,23.220860,10.810168,0.041900,4.890000,40.387789,True,0.972954,55,1971
PYPL,Financials,25-50y,56.150000,10.534710,2.501337,0.010000,5.330000,49.530225,True,0.105347,28,1998
PNR,Industrials,50-75y,62.880000,15.798995,2.667006,0.016900,3.980000,10.161756,True,0.267003,60,1966
PEP,Consumer Staples,100-150y,136.640000,17.931759,8.446560,0.043300,7.620000,186.650247,True,0.776445,128,1898
PFE,Health Care,150y+,24.540000,18.732826,1.552182,0.070100,1.310000,139.864359,True,1.313171,177,1849
PCG,Utilities,100-150y,17.850000,12.841727,1.241221,0.011200,1.390000,47.839973,True,0.143827,121,1905
PM,Consumer Staples,<25y,193.000000,212.087900,-32.415184,0.030500,0.910000,300.801851,True,6.468681,18,2008
PSX,Energy,<25y,206.770000,20.452028,2.905950,0.024600,10.110000,82.901336,True,0.503120,14,2012
PNW,Utilities,25-50y,106.060000,19.787312,1.818431,0.034300,5.360000,12.853111,True,0.678705,41,1985
PNC,Financials,150y+,250.990000,13.813429,1.747379,0.031900,18.170000,100.145013,True,0.440648,181,1845
PPG,Materials,100-150y,116.000000,16.618912,3.190583,0.025500,6.980000,25.856399,True,0.423782,143,1883
PPL,Utilities,100-150y,36.220000,22.220860,1.813993,0.031500,1.630000,27.250131,True,0.699957,106,1920
PFG,Financials,100-150y,109.400000,15.695840,2.004140,0.030000,6.970000,23.631755,True,0.470875,147,1879
PG,Consumer Staples,150y+,147.410000,21.551170,6.386639,0.029500,6.840000,343.258792,True,0.635760,189,1837
PGR,Financials,75-100y,213.830000,10.729052,3.621046,0.065000,19.930000,124.320760,True,0.697388,89,1937
PLD,Real Estate,25-50y,147.630000,32.879734,2.564000,0.029000,4.490000,140.853199,True,0.953512,43,1983
PRU,Financials,150y+,119.960000,12.367010,1.303049,0.046700,9.700000,41.665122,True,0.577539,151,1875
PEG,Utilities,100-150y,79.810000,17.657080,2.297021,0.033600,4.520000,39.771030,True,0.593278,123,1903
PTC,Information Technology,25-50y,118.520000,11.385206,3.546486,,10.410000,13.689746,False,,41,1985
PSA,Real Estate,50-75y,322.480000,167.088090,11.613787,0.037200,1.930000,60.221768,True,6.215677,54,1972
PHM,Consumer Discretionary,50-75y,128.750000,13.151175,1.896059,0.008100,9.790000,24.525117,True,0.106525,70,1956
PWR,Industrials,25-50y,625.840000,86.203860,10.383250,0.000700,7.260000,93.913645,True,0.060343,29,1997
QCOM,Information Technology,25-50y,166.970000,17.953764,6.482258,0.022000,9.300000,175.986377,True,0.394983,41,1985
DGX,Health Care,50-75y,227.860000,24.214666,3.334846,0.015100,9.410000,25.149673,True,0.365641,59,1967
RL,Consumer Discretionary,50-75y,373.580000,24.756792,7.901772,0.010000,15.090000,22.234114,True,0.247568,59,1967
RJF,Financials,50-75y,169.300000,14.773124,2.622204,0.012800,11.460000,32.522531,True,0.189096,64,1962
RTX,Industrials,100-150y,212.790000,37.463028,4.323506,0.013700,5.680000,286.789435,True,0.513243,104,1922
O,Real Estate,50-75y,65.600000,53.770490,1.562574,0.049600,1.220000,61.171511,True,2.667016,57,1969
REG,Real Estate,50-75y,82.150000,28.230240,2.249514,0.036800,2.910000,15.356709,True,1.038873,63,1963
REGN,Health Care,25-50y,656.010000,16.023693,2.127657,0.005700,40.940000,68.775453,True,0.091335,38,1988
RF,Financials,50-75y,30.860000,12.544716,1.513858,0.035500,2.460000,26.335293,True,0.445337,55,1971
RSG,Industrials,25-50y,216.910000,31.165230,5.576666,0.011500,6.960000,66.735419,True,0.358400,28,1998
RMD,Health Care,25-50y,195.270000,18.830280,4.362698,0.012300,10.370000,28.325161,True,0.231612,37,1989
RVTY,Health Care,75-100y,110.470000,53.110580,1.716839,0.002500,2.080000,12.324009,True,0.132776,89,1937
ROK,Industrials,100-150y,462.160000,48.091570,14.601289,0.011900,9.610000,51.426370,True,0.572290,123,1903
ROL,Industrials,75-100y,38.560000,35.054546,13.435541,0.018900,1.100000,18.552967,True,0.662531,78,1948
ROP,Information Technology,25-50y,367.340000,15.312213,1.942745,0.009900,23.990000,36.329927,True,0.151591,45,1981
ROST,Consumer Discretionary,25-50y,238.890000,33.317990,12.163443,0.007500,7.170000,76.631392,True,0.249885,44,1982
RCL,Consumer Discretionary,25-50y,293.540000,17.920637,8.025043,0.017000,16.380000,78.725956,True,0.304651,29,1997
SPGI,Financials,100-150y,426.400000,26.953224,4.048844,0.009100,15.820000,126.214398,True,0.245274,109,1917
CRM,Information Technology,25-50y,163.660000,18.986080,3.915218,0.010800,8.620000,134.037545,True,0.205050,27,1999
SBAC,Real Estate,25-50y,173.570000,18.289780,-3.874331,0.028800,9.490000,18.409359,True,0.526746,37,1989
SLB,Energy,75-100y,52.420000,25.570732,2.993889,0.022500,2.050000,77.791281,True,0.575341,100,1926
STX,Information Technology,25-50y,851.690000,80.652460,174.526640,0.003500,10.560000,192.696664,True,0.282284,47,1979
SRE,Utilities,25-50y,92.980000,31.625850,1.884284,0.028300,2.940000,60.781715,True,0.895012,28,1998
NOW,Information Technology,<25y,98.780000,61.737500,8.686247,,1.600000,102.124888,False,,23,2003
SHW,Materials,150y+,317.510000,30.500483,17.570140,0.010100,10.410000,78.309278,True,0.308055,160,1866
SPG,Real Estate,<25y,229.780000,15.979137,15.465070,0.038300,14.380000,87.311712,True,0.612001,23,2003
SWKS,Information Technology,<25y,60.210000,25.087498,1.570586,0.047200,2.400000,9.055944,True,1.184130,24,2002
SJM,Consumer Staples,100-150y,118.320000,,2.276479,0.037900,-1.300000,12.646122,True,,129,1897
SW,Materials,75-100y,48.560000,67.444440,1.408434,0.037300,0.720000,25.467976,True,2.515678,92,1934
SNA,Industrials,100-150y,404.120000,20.618366,3.458362,0.024200,19.600000,20.903965,True,0.498964,106,1920
SOLV,Health Care,<25y,78.010000,9.548347,2.724289,,8.170000,13.509361,False,,3,2023
SO,Utilities,75-100y,97.250000,24.872122,2.953234,0.031300,3.910000,109.630030,True,0.778497,81,1945
LUV,Industrials,50-75y,45.080000,28.175001,3.112615,0.016000,1.600000,22.053507,True,0.450800,59,1967
SWK,Industrials,150y+,91.260000,37.401638,1.580260,0.036800,2.440000,14.186876,True,1.376380,183,1843
SBUX,Consumer Discretionary,50-75y,103.250000,78.816795,-13.898237,0.024000,1.310000,117.674025,True,1.891603,55,1971
STT,Financials,150y+,185.400000,16.363636,2.130838,0.019800,11.330000,50.929852,True,0.324000,234,1792
STLD,Materials,25-50y,247.110000,22.423775,3.777574,0.008600,11.020000,35.636421,True,0.192844,33,1993
STE,Health Care,25-50y,214.070000,27.029041,2.914420,0.011800,7.920000,20.862767,True,0.318943,41,1985
SYK,Health Care,75-100y,330.250000,38.179190,5.509584,0.010700,8.650000,126.604894,True,0.408517,85,1941
SMCI,Information Technology,25-50y,30.100000,15.842106,2.389458,,1.900000,19.470879,False,,33,1993
SYF,Financials,<25y,72.900000,7.476923,1.610445,0.018700,9.750000,23.719535,True,0.139818,23,2003
SNPS,Information Technology,25-50y,373.470000,85.462240,2.345902,,4.370000,71.511785,False,,40,1986
SYY,Consumer Staples,50-75y,83.110000,23.086111,17.300167,0.026500,3.600000,39.741755,True,0.611782,57,1969
TMUS,Communication Services,25-50y,180.090000,18.837866,3.499611,0.022700,9.560000,193.177420,True,0.427620,32,1994
TROW,Financials,75-100y,116.500000,12.500000,2.322753,0.044600,9.320000,24.962060,True,0.557500,89,1937
TTWO,Communication Services,25-50y,231.650000,,12.232666,,-1.620000,43.009679,False,,33,1993
TPR,Consumer Discretionary,<25y,142.600000,43.475613,42.276910,0.011200,3.280000,28.811577,True,0.486927,9,2017
TRGP,Energy,<25y,281.330000,28.736465,19.259943,0.017800,9.790000,60.385767,True,0.511509,21,2005
TGT,Consumer Staples,100-150y,136.780000,18.092592,3.789130,0.033900,7.560000,62.124257,True,0.613339,124,1902
TEL,Information Technology,<25y,202.940000,19.876593,4.479912,0.014700,10.210000,58.840560,True,0.292186,19,2007
TDY,Information Technology,50-75y,655.350000,31.751453,2.836350,,20.640000,30.361799,False,,66,1960
TER,Information Technology,50-75y,349.920000,64.920230,17.423693,0.001500,5.390000,54.777233,True,0.097380,66,1960
TSLA,Consumer Discretionary,<25y,313.030000,284.572720,13.973930,,1.100000,1236.326810,False,,23,2003
TXN,Information Technology,75-100y,279.580000,42.554030,14.175328,0.020300,6.570000,255.282479,True,0.863847,96,1930
TXT,Industrials,100-150y,95.530000,18.230917,2.075566,0.000800,5.240000,16.611614,True,0.014585,103,1923
TMO,Health Care,<25y,568.260000,30.584500,4.066261,0.003300,18.580000,211.177619,True,0.100929,20,2006
TJX,Consumer Discretionary,25-50y,154.220000,30.003893,16.381985,0.012400,5.140000,170.367517,True,0.372048,39,1987
TSCO,Consumer Discretionary,75-100y,31.020000,15.280788,6.485469,0.030900,2.030000,16.268427,True,0.472176,88,1938
TT,Industrials,150y+,480.990000,36.772934,12.384838,0.008700,13.080000,106.325467,True,0.319925,155,1871
TDG,Industrials,25-50y,1236.710000,38.610990,-7.524077,,32.030000,69.173617,False,,33,1993
TRV,Financials,150y+,387.260000,10.404621,2.439003,0.012900,37.220000,80.772768,True,0.134220,173,1853
TRMB,Information Technology,25-50y,52.910000,27.701570,2.174681,,1.910000,12.333930,False,,48,1978
TFC,Financials,150y+,51.760000,11.898850,1.087509,0.040200,4.350000,63.231357,True,0.478334,154,1872
TYL,Information Technology,50-75y,297.150000,40.986206,3.544758,,7.250000,12.224915,False,,60,1966
TSN,Consumer Staples,75-100y,57.450000,45.236220,1.117791,0.035500,1.270000,20.229835,True,1.605886,91,1935
USB,Financials,50-75y,63.970000,12.768463,1.644008,0.032500,5.010000,99.648102,True,0.414975,58,1968
UBER,Industrials,<25y,65.940000,16.362282,5.425375,,4.030000,134.227403,False,,17,2009
UDR,Real Estate,50-75y,39.590000,26.931973,3.978895,0.043700,1.470000,14.668715,True,1.176927,54,1972
ULTA,Consumer Discretionary,25-50y,475.360000,17.823770,7.488933,,26.670000,20.435399,False,,36,1990
UNP,Industrials,150y+,307.320000,24.884210,9.395866,0.018000,12.350000,182.571287,True,0.447916,164,1862
UAL,Industrials,50-75y,118.270000,11.073970,2.299139,,10.680000,38.386860,False,,59,1967
UPS,Industrials,100-150y,114.790000,18.574434,6.005860,0.057100,6.180000,97.572217,True,1.060600,119,1907
URI,Industrials,25-50y,1141.590000,27.475090,7.985324,0.006900,41.550000,71.055401,True,0.189578,29,1997
UNH,Health Care,25-50y,420.740000,31.634584,3.647286,0.022100,13.300000,382.092673,True,0.699124,49,1977
UHS,Health Care,25-50y,155.750000,6.503131,1.263056,0.005100,23.950000,9.428536,True,0.033166,47,1979
VLO,Energy,25-50y,302.500000,22.080292,3.762999,0.015900,13.700000,89.822159,True,0.351077,46,1980
VTR,Real Estate,25-50y,100.530000,182.781810,3.723196,0.019900,0.550000,48.874643,True,3.637358,28,1998
VLTO,Industrials,<25y,92.020000,23.716494,7.521046,0.005700,3.880000,22.600042,True,0.135184,3,2023
VRSN,Information Technology,25-50y,280.000000,30.401737,-11.229197,0.011600,9.210000,25.312000,True,0.352660,31,1995
VRSK,Industrials,50-75y,201.340000,30.692074,-22.589476,0.009900,6.560000,26.379938,True,0.303852,55,1971
VZ,Communication Services,25-50y,46.380000,12.078126,1.874621,0.061000,3.840000,193.662419,True,0.736766,43,1983
VRTX,Health Care,25-50y,477.360000,28.329970,6.266293,,16.850000,121.156551,False,,37,1989
VTRS,Health Care,50-75y,17.240000,,1.369558,0.027800,-0.300000,20.076888,True,,65,1961
VICI,Real Estate,<25y,26.730000,9.154109,1.013690,0.067300,2.920000,29.431874,True,0.616072,9,2017
V,Financials,50-75y,355.740000,31.068995,19.082716,0.007500,11.450000,676.526293,True,0.233017,68,1958
VST,Utilities,<25y,163.380000,27.321072,17.697140,0.005600,5.980000,55.088873,True,0.152998,10,2016
VMC,Materials,100-150y,279.700000,33.100594,4.284883,0.007400,8.450000,36.292444,True,0.244944,117,1909
WRB,Financials,50-75y,75.460000,15.987288,3.022269,0.005300,4.720000,28.000035,True,0.084733,59,1967
GWW,Industrials,75-100y,1382.600000,37.176662,16.614794,0.006700,37.190000,65.276858,True,0.249084,99,1927
WAB,Industrials,25-50y,302.500000,40.658604,4.631686,0.004200,7.440000,51.095532,True,0.170766,27,1999
WMT,Consumer Staples,50-75y,109.470000,38.545776,9.239534,0.009000,2.840000,871.170900,True,0.346912,64,1962
DIS,Communication Services,100-150y,94.850000,15.176000,1.522545,0.015800,6.250000,164.708106,True,0.239781,103,1923
WBD,Communication Services,<25y,25.770000,,1.983070,,-0.700000,64.608915,False,,4,2022
WM,Industrials,50-75y,238.750000,277.616270,9.584120,0.014800,0.860000,95.876211,True,4.108721,58,1968
WAT,Health Care,50-75y,374.680000,47.608640,2.405233,,7.870000,36.788277,False,,68,1958
WEC,Utilities,100-150y,115.770000,23.200401,2.767697,0.032900,4.990000,37.709259,True,0.763293,130,1896
WFC,Financials,150y+,86.310000,12.545057,1.622551,0.020900,6.880000,264.124940,True,0.262192,174,1852
WELL,Real Estate,50-75y,252.070000,121.772960,4.056094,0.011700,2.070000,177.939857,True,1.424743,56,1970
WST,Health Care,100-150y,328.200000,42.023050,7.781308,0.002700,7.810000,23.097326,True,0.113462,103,1923
WDC,Information Technology,50-75y,519.800000,31.144396,24.852974,0.001200,16.690000,179.165774,True,0.037373,56,1970
WY,Real Estate,100-150y,23.940000,42.750000,1.828737,0.035100,0.560000,17.261761,True,1.500525,126,1900
WMB,Energy,100-150y,74.000000,32.456142,7.079985,0.028400,2.280000,90.501874,True,0.921754,118,1908
WTW,Financials,<25y,295.110000,17.328830,3.487803,0.013000,17.030000,27.872541,True,0.225275,10,2016
WYNN,Consumer Discretionary,<25y,96.920000,27.770773,-46.776062,0.010300,3.490000,10.059009,True,0.286039,24,2002
XEL,Utilities,100-150y,81.670000,23.536022,2.141265,0.029000,3.470000,50.984096,True,0.682545,117,1909
XYL,Industrials,<25y,119.750000,29.788557,2.540844,0.014400,4.020000,28.463794,True,0.428955,15,2011
YUM,Consumer Discretionary,25-50y,148.920000,24.019356,-5.631523,0.020100,6.200000,41.045512,True,0.482789,29,1997
ZBRA,Information Technology,50-75y,259.920000,31.353440,3.624144,,8.290000,12.380872,False,,57,1969
ZBH,Health Care,75-100y,91.350000,23.665804,1.394039,0.010500,3.860000,17.672798,True,0.248491,99,1927
ZTS,Health Care,50-75y,75.350000,12.352459,9.612195,0.028100,6.100000,31.588839,True,0.347104,74,1952
