YearKey,Price,Dividend,Earnings,Payout,DivYield,EarnYield,PE,CAPE,Rate10Y,RealDiv,RealEarn,RealPrice,DivGrowth,EarnGrowth
1871,4.691667,0.260000,0.400000,0.650000,0.055417,0.085258,11.729167,,5.338333,6.423333,9.880000,115.944167,,
1872,5.029167,0.281667,0.416250,0.676677,0.056007,0.082767,12.082082,,5.460833,6.670833,9.860833,119.124167,0.083333,0.040625
1873,4.801667,0.316250,0.446250,0.708683,0.065863,0.092936,10.760037,,5.530000,7.652500,10.794167,115.804167,0.122781,0.072072
1874,4.570000,0.330000,0.460000,0.717391,0.072210,0.100656,9.934783,,5.286667,8.465000,11.800000,117.195000,0.043478,0.030812
1875,4.447500,0.313750,0.405833,0.773101,0.070545,0.091250,10.958932,,4.850000,8.523333,11.017500,120.835833,-0.049242,-0.117754
1876,4.060833,0.300000,0.316667,0.947368,0.073876,0.077981,12.823684,,4.526667,8.750000,9.227500,118.320000,-0.043825,-0.219713
1877,3.135833,0.240417,0.290833,0.826648,0.076668,0.092745,10.782235,,4.399167,7.248333,8.825833,95.079167,-0.198611,-0.081579
1878,3.383333,0.184583,0.305417,0.604366,0.054557,0.090271,11.077763,,4.285000,6.542500,10.835000,120.109167,-0.232236,0.050143
1879,4.122500,0.190833,0.347917,0.548503,0.046291,0.084395,11.849102,,4.128333,6.866667,12.508333,147.746667,0.033860,0.139154
1880,5.209167,0.232500,0.439583,0.528910,0.044633,0.084386,11.850237,,3.873333,7.481667,14.145833,167.308333,0.218341,0.263473
1881,6.254167,0.292500,0.462917,0.631863,0.046769,0.074017,13.510351,17.630833,3.663333,9.153333,14.525000,196.118333,0.258065,0.053081
1882,5.900000,0.320000,0.434583,0.736337,0.054237,0.073658,13.576222,15.243333,3.624167,9.506667,12.910833,175.275833,0.094017,-0.061206
1883,5.634167,0.325417,0.413750,0.786506,0.057758,0.073436,13.617321,15.316667,3.625000,10.435000,13.253333,180.453333,0.016927,-0.047939
1884,4.740833,0.319167,0.351250,0.908660,0.067323,0.074090,13.497034,13.765000,3.573333,11.089167,12.179167,164.410833,-0.019206,-0.151057
1885,4.596667,0.272083,0.288333,0.943642,0.059191,0.062727,15.942197,14.597500,3.451667,10.293333,10.911667,174.145000,-0.147520,-0.179122
1886,5.364167,0.229167,0.302500,0.757576,0.042722,0.056393,17.732782,17.622500,3.439167,9.048333,11.951667,211.855000,-0.157734,0.049133
1887,5.534167,0.236250,0.346250,0.682310,0.042689,0.062566,15.983153,16.988333,3.589167,8.996667,13.185000,210.757500,0.030909,0.144628
1888,5.204167,0.239167,0.305833,0.782016,0.045957,0.058767,17.016349,15.320000,3.569167,8.949167,11.440833,194.721667,0.012346,-0.116727
1889,5.323333,0.224583,0.281667,0.797337,0.042188,0.052912,18.899408,16.682500,3.436667,8.886667,11.148333,210.661667,-0.060976,-0.079019
1890,5.269167,0.220000,0.294583,0.746818,0.041752,0.055907,17.886846,16.575833,3.511667,8.647500,11.577500,207.183333,-0.020408,0.045858
1891,5.028333,0.220000,0.317083,0.693824,0.043752,0.063059,15.858081,16.307500,3.610000,8.673333,12.510000,198.359167,0.000000,0.076379
1892,5.550000,0.230833,0.356250,0.647953,0.041592,0.064189,15.578947,19.169167,3.668333,9.721667,15.004167,233.824167,0.049242,0.123522
1893,4.775000,0.245417,0.310417,0.790604,0.051396,0.065009,15.382550,15.896667,3.727500,10.116667,12.737500,195.851667,0.063177,-0.128655
1894,4.386667,0.228333,0.205833,1.109312,0.052052,0.046922,21.311741,16.580000,3.590000,10.495833,9.461667,201.681667,-0.069610,-0.336913
1895,4.525000,0.199167,0.208750,0.954092,0.044015,0.046133,21.676647,17.128333,3.524167,8.970000,9.385000,203.530000,-0.127737,0.014170
1896,4.233333,0.184583,0.228333,0.808394,0.043602,0.053937,18.540146,16.957500,3.508333,8.749167,10.820833,200.542500,-0.073222,0.093812
1897,4.450833,0.180000,0.264167,0.681388,0.040442,0.059352,16.848580,17.970833,3.377500,8.489167,12.441667,209.660833,-0.024831,0.156934
1898,5.052500,0.190833,0.331667,0.575377,0.037770,0.065644,15.233668,19.481667,3.235833,8.661667,15.057500,229.421667,0.060185,0.255521
1899,6.288333,0.205417,0.420417,0.488603,0.032666,0.066857,14.957384,21.537500,3.122500,8.645833,17.630000,264.807500,0.076419,0.267588
1900,6.147500,0.258750,0.480000,0.539062,0.042090,0.078081,12.807292,18.570000,3.126667,10.159167,18.820833,241.049167,0.259635,0.141724
1901,7.842500,0.310833,0.490833,0.633277,0.039634,0.062586,15.977929,22.736667,3.136667,12.375000,19.541667,312.271667,0.201288,0.022569
1902,8.416667,0.325417,0.570417,0.570489,0.038663,0.067772,14.755296,21.956667,3.235000,12.184167,21.321667,315.189167,0.046917,0.162139
1903,7.211667,0.340833,0.575833,0.591896,0.047261,0.079847,12.523878,17.635833,3.345833,12.602500,21.265833,266.032500,0.047375,0.009496
1904,7.049167,0.328333,0.508333,0.645902,0.046578,0.072113,13.867213,16.290000,3.436667,12.147500,18.805000,260.565833,-0.036675,-0.117221
1905,8.985833,0.320833,0.587500,0.546099,0.035704,0.065381,15.295035,19.312500,3.457500,11.754167,21.526667,329.184167,-0.022843,0.155738
1906,9.621667,0.367917,0.718750,0.511884,0.038238,0.074701,13.386667,18.719167,3.540000,13.135000,25.667500,343.689167,0.146753,0.223404
1907,7.840000,0.421667,0.705833,0.597403,0.053784,0.090030,11.107438,13.409167,3.761667,14.235000,23.833333,264.788333,0.146093,-0.017971
1908,7.775833,0.418333,0.616667,0.678378,0.053799,0.079306,12.609459,13.137500,3.819167,14.665833,21.622500,272.114167,-0.007905,-0.126328
1909,9.712500,0.421667,0.677500,0.622386,0.043415,0.069755,14.335793,14.858333,3.827500,13.685000,21.950000,314.948333,0.007968,0.098649
1910,9.351667,0.456250,0.743750,0.613445,0.048788,0.079531,12.573669,13.550000,3.942500,14.320000,23.324167,293.195000,0.082016,0.097786
1911,9.235000,0.470000,0.654167,0.718471,0.050893,0.070836,14.117197,14.248333,3.993333,15.981667,22.251667,314.165833,0.030137,-0.120448
1912,9.535000,0.475417,0.649583,0.731879,0.049860,0.068126,14.678640,13.734167,4.211667,15.165000,20.702500,303.982500,0.011525,-0.007006
1913,8.507500,0.480000,0.662083,0.724984,0.056421,0.077823,12.849591,11.945000,4.316667,14.866667,20.515833,263.629167,0.009641,0.019243
1914,7.945000,0.447500,0.570417,0.784514,0.056325,0.071796,13.928415,11.054167,4.196667,13.684167,17.444167,242.964167,-0.067708,-0.138452
1915,8.305000,0.425417,0.715000,0.594988,0.051224,0.086093,11.615385,11.497500,4.152500,12.884167,21.628333,251.345000,-0.049348,0.253470
1916,9.466667,0.500417,1.232125,0.406141,0.052861,0.130154,7.683203,11.998333,4.131667,14.057500,34.519167,266.319167,0.176298,0.723252
1917,8.495000,0.630417,1.394667,0.452020,0.074210,0.164175,6.091061,8.781667,4.386667,15.041667,33.452500,204.130000,0.259784,0.131920
1918,7.539167,0.625000,1.123000,0.556545,0.082900,0.148955,6.713416,6.440000,4.538333,12.804167,23.030000,153.675833,-0.008592,-0.194790
1919,8.782500,0.548333,0.957500,0.572672,0.062435,0.109024,9.172324,6.543333,4.715000,9.714167,16.962500,155.135833,-0.122667,-0.147373
1920,7.977500,0.519167,0.859583,0.603975,0.065079,0.107751,9.280659,5.311667,5.025000,7.935833,13.139167,121.937500,-0.053191,-0.102263
1921,6.857500,0.482917,0.523750,0.922037,0.070422,0.076376,13.093079,5.406667,4.728333,8.282500,8.928333,117.660833,-0.069823,-0.390693
1922,8.410833,0.487083,0.506667,0.961349,0.057911,0.060240,16.600329,7.522500,4.325833,8.902500,9.264167,153.760000,0.008628,-0.032617
1923,8.573333,0.520833,0.847083,0.614855,0.060750,0.098804,10.121003,7.862500,4.220833,9.350833,15.193333,154.033333,0.069290,0.671875
1924,9.045833,0.540833,0.952917,0.567556,0.059788,0.105343,9.492785,8.371667,3.968333,9.667500,17.035833,161.679167,0.038400,0.124939
1925,11.150000,0.577083,1.103333,0.523036,0.051756,0.098954,10.105740,10.103333,3.779167,10.070000,19.237500,194.455833,0.067026,0.157849
1926,12.586667,0.648750,1.244583,0.521259,0.051543,0.098881,10.113157,11.727500,3.524167,11.223333,21.526667,217.768333,0.124188,0.128021
1927,15.343333,0.733333,1.169667,0.626959,0.047795,0.076233,13.117697,15.856667,3.335000,12.935000,20.629167,270.659167,0.130379,-0.060194
1928,19.953333,0.813333,1.256167,0.647472,0.040762,0.062955,15.884304,21.788333,3.454167,14.510833,22.412500,355.981667,0.109091,0.073953
1929,26.018333,0.915000,1.504583,0.608142,0.035168,0.057828,17.292717,27.600833,3.458333,16.322500,26.838333,464.106667,0.125000,0.197758
1930,21.026667,0.975417,1.263333,0.772098,0.046390,0.060082,16.643799,21.479167,3.313333,17.888333,23.110833,384.742500,0.066029,-0.160343
1931,13.659167,0.893333,0.775000,1.152688,0.065402,0.056738,17.624731,14.667500,3.495833,17.970000,15.560000,273.823333,-0.084152,-0.386544
1932,6.928333,0.646667,0.501667,1.289037,0.093337,0.072408,13.810631,8.070000,3.510833,14.468333,11.232500,155.395833,-0.276119,-0.352688
1933,8.958333,0.467500,0.426250,1.096774,0.052186,0.047581,21.016618,11.096667,3.222500,11.076667,10.088333,211.530833,-0.277062,-0.150332
1934,9.844167,0.445417,0.467083,0.953613,0.045247,0.047448,21.075825,12.197500,2.968333,10.189167,10.682500,225.305000,-0.047237,0.095797
1935,10.599167,0.448333,0.742500,0.603816,0.042299,0.070053,14.274972,13.122500,2.725833,10.000000,16.557500,236.361667,0.006548,0.589652
1936,15.468333,0.574167,0.885833,0.648166,0.037119,0.057268,17.461900,19.257500,2.664167,12.663333,19.542500,341.322500,0.280669,0.193042
1937,15.405833,0.783333,1.148333,0.682148,0.050847,0.074539,13.415820,18.456667,2.625000,16.670833,24.431667,328.327500,0.364296,0.296331
1938,11.488333,0.696667,0.790833,0.880927,0.060641,0.068838,14.526870,13.928333,2.468333,15.128333,17.169167,249.655000,-0.110638,-0.311321
1939,12.061667,0.548333,0.773333,0.709052,0.045461,0.064115,15.596983,15.565000,2.291667,12.066667,17.018333,265.400833,-0.212919,-0.022129
1940,11.020833,0.650833,1.027500,0.633414,0.059055,0.093233,10.725872,14.685833,2.091667,14.222500,22.453333,240.884167,0.186930,0.328664
1941,9.824167,0.691667,1.115833,0.619866,0.070405,0.113580,8.804332,12.212500,2.185000,14.387500,23.190833,204.611667,0.062740,0.085969
1942,8.673333,0.650000,1.008333,0.644628,0.074942,0.116257,8.601653,9.238333,2.464167,12.203333,18.923333,162.517500,-0.060241,-0.096341
1943,11.504167,0.595833,1.055000,0.564771,0.051793,0.091706,10.904426,11.042500,2.475000,10.539167,18.661667,203.387500,-0.083333,0.046281
1944,12.468333,0.630000,0.920833,0.684163,0.050528,0.073854,13.540271,11.341667,2.429167,10.962500,16.025833,216.925000,0.057343,-0.127172
1945,15.155833,0.653333,0.975000,0.670085,0.043108,0.064332,15.544444,13.270833,2.288333,11.115833,16.589167,257.752500,0.037037,0.058824
1946,17.080833,0.685833,0.914166,0.750228,0.040152,0.053520,18.684599,14.044167,2.217500,10.789167,14.360833,270.285000,0.049745,-0.062393
1947,15.165833,0.766667,1.421667,0.539273,0.050552,0.093741,10.667644,11.173333,2.336667,10.505833,19.455000,208.113333,0.117861,0.555151
1948,15.532500,0.867500,1.925833,0.450454,0.055851,0.123987,8.065340,10.654167,2.380833,11.046667,24.497500,197.708333,0.131522,0.354631
1949,15.230000,1.027500,2.370000,0.433544,0.067466,0.155614,6.426160,9.901667,2.314167,13.213333,30.472500,195.849167,0.184438,0.230636
1950,18.400000,1.265000,2.574167,0.491421,0.068750,0.139900,7.147944,11.182500,2.434167,16.070000,32.714167,233.915833,0.231143,0.086146
1951,22.335000,1.507500,2.658333,0.567085,0.067495,0.119021,8.401881,12.008333,2.620000,17.784167,31.370000,263.349167,0.191700,0.032697
1952,24.497500,1.432500,2.378333,0.602313,0.058475,0.097085,10.300280,12.454167,2.749167,16.516667,27.425000,282.430833,-0.049751,-0.105329
1953,24.731667,1.421667,2.490833,0.570759,0.057484,0.100714,9.929073,12.000833,2.839167,16.260000,28.485833,282.906667,-0.007563,0.047302
1954,29.689167,1.475000,2.620833,0.562798,0.049681,0.088276,11.328140,13.665000,2.401667,16.818333,29.882500,338.557500,0.037515,0.052191
1955,40.493333,1.589167,3.239167,0.490610,0.039245,0.079993,12.501158,17.524167,2.816667,18.167500,37.028333,462.875833,0.077401,0.235930
1956,46.623333,1.769167,3.557500,0.497306,0.037946,0.076303,13.105645,18.259167,3.182500,19.921667,40.080000,525.067500,0.113267,0.098276
1957,44.380000,1.748333,3.418333,0.511458,0.039395,0.077024,12.982935,15.614167,3.647500,19.052500,37.255833,483.751667,-0.011776,-0.039119
1958,46.238333,1.748333,3.000000,0.582778,0.037811,0.064881,15.412778,15.142500,3.315833,18.549167,31.830000,490.380000,0.000000,-0.122379
1959,57.379167,1.793333,3.290833,0.544948,0.031254,0.057352,17.436060,18.365833,4.333333,18.833333,34.553333,602.558333,0.025739,0.096944
1960,55.850000,1.937500,3.307500,0.585790,0.034691,0.059221,16.885865,17.418333,4.116667,20.055000,34.239167,578.134167,0.080390,0.005065
1961,66.272500,1.959167,3.096667,0.632670,0.029562,0.046726,21.401238,20.455833,3.882500,20.063333,31.715000,678.646667,0.011183,-0.063744
1962,62.382500,2.068333,3.470000,0.596061,0.033156,0.055625,17.977666,18.823333,3.945833,20.930833,35.111667,631.495000,0.055721,0.120560
1963,69.865000,2.197500,3.853333,0.570285,0.031454,0.055154,18.131055,20.259167,4.002500,21.965000,38.515000,698.251667,0.062450,0.110471
1964,81.368333,2.394167,4.338333,0.551863,0.029424,0.053317,18.755667,22.552500,4.186667,23.626667,42.812500,803.008333,0.089496,0.125865
1965,88.170000,2.616667,4.869167,0.537395,0.029678,0.055225,18.107821,23.262500,4.282500,25.420000,47.298333,856.591667,0.092934,0.122359
1966,85.256667,2.830000,5.435000,0.520699,0.033194,0.063749,15.686599,21.301667,4.923333,26.690000,51.256667,804.706667,0.081529,0.116207
1967,91.928333,2.905833,5.370833,0.541040,0.031610,0.058424,17.116214,21.605000,5.073333,26.667500,49.298333,843.444167,0.026796,-0.011806
1968,98.694167,2.997500,5.571667,0.537990,0.030372,0.056454,17.713581,21.485000,5.645833,26.380000,49.030000,868.207500,0.031546,0.037393
1969,97.840000,3.127500,5.830833,0.536373,0.031965,0.059596,16.779763,19.427500,6.670833,26.104167,48.671667,817.200000,0.043369,0.046515
1970,83.220000,3.171667,5.464167,0.580448,0.038112,0.065659,15.230136,15.182500,7.348333,25.013333,43.116667,656.465000,0.014122,-0.062884
1971,98.283333,3.098333,5.370000,0.576971,0.031525,0.054638,18.302297,16.865833,6.159167,23.427500,40.591667,743.143333,-0.023121,-0.017233
1972,109.208333,3.085833,6.025000,0.512172,0.028256,0.055170,18.125864,17.768333,6.210000,22.592500,44.095833,799.321667,-0.004034,0.121974
1973,107.423333,3.240833,7.325000,0.442435,0.030169,0.068188,14.665301,16.147500,6.842500,22.347500,50.447500,742.045000,0.050230,0.215768
1974,82.552500,3.514167,8.714167,0.403271,0.042569,0.105559,9.473367,10.925833,7.557500,21.829167,54.106667,515.342500,0.084340,0.189647
1975,86.155833,3.685833,8.110000,0.454480,0.042781,0.094132,10.623407,10.235833,7.987500,20.973333,46.182500,489.882500,0.048850,-0.069332
1976,102.021667,3.806667,9.180000,0.414670,0.037312,0.089981,11.113471,11.545000,7.611667,20.472500,49.351667,548.814167,0.032783,0.131936
1977,98.210000,4.378333,10.443331,0.419247,0.044581,0.106337,9.404088,10.433333,7.419167,22.106667,52.737500,496.467500,0.150175,0.137618
1978,96.020000,4.916667,11.392500,0.431570,0.051205,0.118647,8.428352,9.378333,8.410000,23.075000,53.446667,450.480833,0.122954,0.090888
1979,103.022500,5.376667,13.981667,0.384551,0.052189,0.135715,7.368399,8.926667,9.442500,22.683333,58.945000,434.713333,0.093559,0.227269
1980,118.783333,5.950000,14.925833,0.398638,0.050091,0.125656,7.958238,8.831667,11.460000,22.108333,55.515000,440.682500,0.106634,0.067529
1981,128.041667,6.415833,15.010000,0.427437,0.050107,0.117227,8.530424,8.464167,13.910833,21.603333,50.547500,431.742500,0.078291,0.005639
1982,119.725000,6.792500,14.021667,0.484429,0.056734,0.117116,8.538571,7.346667,13.001667,21.549167,44.527500,379.652500,0.058709,-0.065845
1983,160.425000,6.966667,12.969167,0.537171,0.043426,0.080843,12.369723,9.640833,11.105000,21.415833,39.850833,492.892500,0.025641,-0.075062
1984,160.466667,7.313333,15.947500,0.458588,0.045575,0.099382,10.062183,9.430000,12.438333,21.550833,46.976667,472.860833,0.049761,0.229647
1985,186.850000,7.754167,15.629167,0.496134,0.041499,0.083646,11.955212,10.690833,10.623333,22.068333,44.503333,531.594167,0.060278,-0.019961
1986,236.358333,8.125833,14.650833,0.554633,0.034379,0.061986,16.132757,13.389167,7.682500,22.695000,40.918333,660.099167,0.047931,-0.062597
1987,286.841667,8.538333,15.468333,0.551988,0.029767,0.053926,18.543799,16.015833,8.384167,23.002500,41.655000,772.990833,0.050764,0.055799
1988,265.783333,9.267500,21.165000,0.437869,0.034869,0.079633,12.557682,14.440000,8.845833,23.984167,54.725833,687.919167,0.085399,0.368279
1989,322.833333,10.404167,24.261667,0.428831,0.032228,0.075152,13.306313,16.613333,8.498333,25.685000,59.938333,796.648333,0.122651,0.146311
1990,334.587500,11.642500,21.632500,0.538195,0.034797,0.064654,15.466890,16.457500,8.550000,27.275000,50.705833,784.553333,0.119023,-0.108367
1991,376.177500,12.178333,18.960833,0.642289,0.032374,0.050404,19.839713,17.920833,7.858333,27.375000,42.655000,845.390000,0.046024,-0.123502
1992,415.744167,12.339167,17.334167,0.711841,0.029680,0.041694,23.984087,19.634167,7.010000,26.920833,37.800833,907.015833,0.013207,-0.085791
1993,451.406667,12.508333,20.133333,0.621275,0.027710,0.044601,22.420861,20.749167,5.873333,26.506667,42.658333,956.509167,0.013710,0.161483
1994,460.329167,12.863333,25.733333,0.499870,0.027944,0.055902,17.888439,20.480000,7.080000,26.565000,53.106667,950.796667,0.028381,0.278146
1995,541.638333,13.427500,33.750000,0.397852,0.024791,0.062311,16.048543,22.720833,6.580000,26.973333,67.789167,1087.551667,0.043859,0.311528
1996,670.828333,14.390000,35.522500,0.405095,0.021451,0.052953,18.884604,25.942500,6.438333,28.082500,69.314167,1308.840833,0.071681,0.052519
1997,872.673333,15.212500,40.205000,0.378373,0.017432,0.046071,21.705592,30.956667,6.352500,29.010000,76.676667,1663.761667,0.057158,0.131818
1998,1084.310833,15.927500,38.745000,0.411085,0.014689,0.035732,27.985826,36.006667,5.264167,29.910833,72.770833,2036.080000,0.047001,-0.036314
1999,1326.060833,16.516667,42.010833,0.393153,0.012455,0.031681,31.564735,42.068333,5.636667,30.355833,77.164167,2436.570000,0.036991,0.084290
2000,1427.007500,16.555000,51.490000,0.321519,0.011601,0.036083,27.714265,41.700833,6.029167,29.436667,91.531667,2537.210833,0.002321,0.225636
2001,1192.078333,15.829167,35.916667,0.440719,0.013279,0.030129,33.190116,32.064167,5.017500,27.368333,62.148333,2061.497500,-0.043844,-0.302454
2002,995.630000,15.882500,27.025833,0.587678,0.015952,0.027144,36.839937,25.918333,4.610833,27.029167,45.977500,1695.695833,0.003369,-0.247541
2003,963.689167,16.482500,36.285000,0.454251,0.017104,0.037652,26.558886,24.107500,4.015000,27.427500,60.351667,1603.347500,0.037777,0.342604
2004,1130.547500,18.634167,55.300000,0.336965,0.016482,0.048914,20.443897,26.413333,4.274167,30.195000,89.590833,1832.420000,0.130542,0.524046
2005,1207.060833,20.980833,64.005000,0.327800,0.017382,0.053025,18.858852,26.014167,4.290000,32.879167,100.285000,1892.155833,0.125934,0.157414
2006,1310.670000,23.578333,75.836667,0.310909,0.017990,0.057861,17.282801,25.978333,4.791667,35.800000,115.145000,1990.447500,0.123803,0.184855
2007,1476.633333,26.355000,79.490000,0.331551,0.017848,0.053832,18.576341,26.834167,4.629167,38.905000,117.432500,2180.003333,0.117763,0.048174
2008,1220.888333,28.507500,47.422500,0.601139,0.023350,0.038843,25.744917,20.775833,3.666667,40.537500,67.392500,1735.192500,0.081673,-0.403416
2009,946.735833,25.288333,16.462500,1.536117,0.026711,0.017389,57.508631,16.922500,3.256667,36.108333,23.414167,1349.904167,-0.112923,-0.652855
2010,1139.307500,22.228333,67.111667,0.331214,0.019510,0.058906,16.976296,20.719167,3.214167,31.205833,94.188333,1599.356667,-0.121004,3.076639
2011,1268.890000,24.536667,83.977500,0.292181,0.019337,0.066182,15.109881,21.755000,2.785833,33.385000,114.267500,1727.351667,0.103846,0.251310
2012,1379.563333,28.725833,87.404167,0.328655,0.020822,0.063356,15.783725,21.353333,1.802500,38.295833,116.546667,1839.229167,0.170731,0.040805
2013,1642.511667,33.380833,92.164167,0.362189,0.020323,0.056112,17.821586,23.244167,2.350833,43.860000,121.102500,2158.100000,0.162049,0.054460
2014,1930.667500,37.514167,102.884167,0.364625,0.019431,0.053289,18.765448,25.468333,2.540833,48.508333,133.036667,2496.495000,0.123824,0.116314
2015,2061.199167,41.783333,94.152500,0.443784,0.020271,0.045679,21.892134,26.215000,2.135833,53.962500,121.634167,2662.305833,0.113801,-0.084869
2016,2091.844167,44.575000,88.581667,0.503208,0.021309,0.042346,23.614866,26.054167,1.841667,56.852500,112.975833,2667.453333,0.066813,-0.059168
2017,2448.217500,47.405833,104.040000,0.455650,0.019363,0.042496,23.531502,29.846667,2.330000,59.201667,129.912500,3056.990000,0.063507,0.174509
2018,2744.680000,51.368333,123.299167,0.416615,0.018716,0.044923,22.260329,31.452500,2.910000,62.617500,150.276667,3346.015000,0.083587,0.185113
2019,2912.500987,56.245152,134.917500,0.416886,0.019312,0.046324,21.587274,29.424167,2.107500,67.341667,161.552500,3486.577500,0.094938,0.094229
2020,3218.500956,59.094125,105.755833,0.558779,0.018361,0.032859,30.433318,29.813333,0.894167,69.901667,125.133333,3805.404167,0.050653,-0.216144
2021,4266.794426,58.610985,156.420000,0.374703,0.013737,0.036660,27.277806,36.815000,1.442500,66.225833,176.133333,4815.920000,-0.008176,0.479067
2022,4100.699784,64.013496,189.630833,0.337569,0.015610,0.046244,21.624647,30.985000,2.951667,66.949167,198.557500,4296.206667,0.092176,0.212318
2023,4103.652296,68.161667,176.766667,0.385602,0.016610,0.043075,23.215080,28.776667,3.620000,69.006667,178.946667,4153.941667,0.064801,-0.067838
