Year,Price,Dividend,Earnings,CPI,Rate10Y,CAPE,RealDiv,RealEarn,RealPrice,Payout,DivYield,EarnYield,PE,DivGrowth,EarnGrowth,Era
1871,4.691666666666667,0.26,0.4000000000000001,12.398333333333333,5.338333333333334,,6.423333333333333,9.88,115.94416666666666,0.6499999999999999,0.05541740674955595,0.0852575488454707,11.729166666666666,,,1871-1900  Gilded Age
1872,5.029166666666667,0.2816666666666667,0.41625,12.921666666666667,5.460833333333333,,6.670833333333333,9.860833333333334,119.12416666666667,0.6766766766766766,0.056006628003314005,0.08276719138359569,12.082082082082081,0.08333333333333326,0.04062499999999991,1871-1900  Gilded Age
1873,4.801666666666667,0.31625,0.44625000000000004,12.679166666666667,5.53,,7.6525,10.794166666666667,115.80416666666667,0.7086834733893557,0.06586254772648385,0.0929364803887539,10.760037348272641,0.1227810650887573,0.07207207207207222,1871-1900  Gilded Age
1874,4.57,0.33,0.46,11.940833333333332,5.286666666666666,,8.465,11.799999999999999,117.195,0.717391304347826,0.07221006564551422,0.10065645514223194,9.934782608695652,0.04347826086956541,0.03081232492997188,1871-1900  Gilded Age
1875,4.4475,0.31375000000000003,0.4058333333333333,11.265833333333333,4.8500000000000005,,8.523333333333333,11.0175,120.83583333333333,0.7731006160164272,0.0705452501405284,0.0912497657860221,10.958932238193018,-0.0492424242424242,-0.11775362318840588,1871-1900  Gilded Age
1876,4.060833333333333,0.3,0.31666666666666665,10.5075,4.526666666666666,,8.75,9.227500000000001,118.32,0.9473684210526316,0.07387646213831316,0.0779807100348861,12.823684210526315,-0.043824701195219196,-0.2197125256673511,1871-1900  Gilded Age
1877,3.1358333333333337,0.24041666666666664,0.29083333333333333,10.116666666666667,4.399166666666667,,7.248333333333334,8.825833333333334,95.07916666666667,0.8266475644699139,0.07666755248471963,0.09274515014615997,10.782234957020059,-0.19861111111111118,-0.08157894736842097,1871-1900  Gilded Age
1878,3.3833333333333333,0.18458333333333332,0.30541666666666667,8.640833333333333,4.285,,6.5425,10.835,120.10916666666667,0.6043656207366984,0.05455665024630542,0.09027093596059113,11.077762619372441,-0.2322357019064124,0.05014326647564471,1871-1900  Gilded Age
1879,4.1225,0.19083333333333333,0.34791666666666665,8.522499999999999,4.128333333333333,,6.866666666666667,12.508333333333333,147.74666666666667,0.5485029940119761,0.04629068122094199,0.08439458257529817,11.849101796407185,0.0338600451467268,0.13915416098226463,1871-1900  Gilded Age
1880,5.2091666666666665,0.2325,0.4395833333333334,9.5375,3.873333333333333,,7.4816666666666665,14.145833333333334,167.30833333333334,0.5289099526066351,0.044632858742601186,0.08438649816029437,11.850236966824642,0.21834061135371186,0.26347305389221587,1871-1900  Gilded Age
1881,6.254166666666666,0.2925,0.46291666666666664,9.775,3.6633333333333336,17.63083333333333,9.153333333333334,14.525,196.11833333333334,0.6318631863186318,0.04676882078614257,0.07401732178547635,13.510351035103511,0.25806451612903203,0.05308056872037903,1871-1900  Gilded Age
1882,5.8999999999999995,0.32,0.4345833333333333,10.309166666666666,3.624166666666667,15.243333333333332,9.506666666666666,12.910833333333334,175.27583333333334,0.7363374880153404,0.054237288135593226,0.07365819209039548,13.576222435282837,0.09401709401709413,-0.06120612061206121,1871-1900  Gilded Age
1883,5.634166666666666,0.32541666666666663,0.41375,9.561666666666667,3.625,15.316666666666668,10.435,13.253333333333332,180.45333333333335,0.7865055387713997,0.057757728146723857,0.073435882265937,13.617321248741188,0.01692708333333326,-0.047938638542665335,1871-1900  Gilded Age
1884,4.740833333333334,0.31916666666666665,0.35125,8.816666666666666,3.5733333333333337,13.765,11.089166666666666,12.179166666666667,164.41083333333333,0.9086595492289442,0.06732290384953418,0.0740903497978555,13.497034400948992,-0.01920614596670933,-0.15105740181268879,1871-1900  Gilded Age
1885,4.596666666666667,0.27208333333333334,0.28833333333333333,8.0875,3.4516666666666667,14.597500000000002,10.293333333333333,10.911666666666667,174.145,0.9436416184971099,0.059191443074691805,0.06272661348803481,15.942196531791907,-0.1475195822454307,-0.17912218268090152,1871-1900  Gilded Age
1886,5.364166666666667,0.22916666666666666,0.3025,7.755,3.439166666666667,17.6225,9.048333333333334,11.951666666666668,211.85500000000002,0.7575757575757576,0.042721764797265804,0.05639272953239086,17.732782369146005,-0.15773353751914243,0.049132947976878505,1871-1900  Gilded Age
1887,5.534166666666667,0.23625,0.34625,8.040833333333333,3.589166666666667,16.988333333333333,8.996666666666668,13.185,210.75750000000002,0.6823104693140793,0.042689354012949855,0.06256587863273604,15.98315282791817,0.030909090909090997,0.1446280991735538,1871-1900  Gilded Age
1888,5.204166666666667,0.23916666666666667,0.30583333333333335,8.183333333333332,3.5691666666666664,15.32,8.949166666666667,11.440833333333332,194.72166666666666,0.782016348773842,0.04595676541232986,0.058767013610888715,17.016348773841962,0.012345679012345734,-0.11672683513838744,1871-1900  Gilded Age
1889,5.323333333333333,0.22458333333333333,0.2816666666666667,7.738333333333333,3.436666666666667,16.6825,8.886666666666667,11.148333333333333,210.66166666666666,0.7973372781065088,0.04218847839699436,0.05291170945522856,18.899408284023668,-0.060975609756097615,-0.07901907356948235,1871-1900  Gilded Age
1890,5.269166666666667,0.22,0.29458333333333336,7.795000000000001,3.5116666666666667,16.575833333333332,8.647499999999999,11.5775,207.1833333333333,0.7468175388967467,0.04175233275343982,0.05590700616795825,17.886845827439885,-0.020408163265306145,0.04585798816568065,1871-1900  Gilded Age
1891,5.028333333333333,0.22,0.31708333333333333,7.770833333333333,3.61,16.3075,8.673333333333334,12.51,198.35916666666665,0.6938239159001314,0.043752071594298975,0.06305933046072257,15.8580814717477,0.0,0.07637906647807635,1871-1900  Gilded Age
1892,5.55,0.23083333333333333,0.35624999999999996,7.2725,3.6683333333333334,19.169166666666666,9.721666666666666,15.004166666666668,233.82416666666666,0.6479532163742691,0.04159159159159159,0.06418918918918919,15.578947368421055,0.04924242424242431,0.12352168199737168,1871-1900  Gilded Age
1893,4.7749999999999995,0.24541666666666664,0.3104166666666667,7.445833333333333,3.7275000000000005,15.896666666666667,10.116666666666667,12.737499999999999,195.8516666666667,0.7906040268456375,0.05139616055846422,0.0650087260034904,15.382550335570468,0.063176895306859,-0.1286549707602338,1871-1900  Gilded Age
1894,4.386666666666667,0.22833333333333336,0.2058333333333333,6.663333333333334,3.59,16.580000000000002,10.495833333333334,9.461666666666666,201.68166666666664,1.1093117408906885,0.0520516717325228,0.0469224924012158,21.311740890688263,-0.06960950764006768,-0.3369127516778524,1871-1900  Gilded Age
1895,4.525,0.1991666666666667,0.20875,6.805,3.5241666666666664,17.128333333333334,8.97,9.385,203.53,0.9540918163672656,0.04401473296500921,0.04613259668508287,21.67664670658683,-0.12773722627737227,0.014170040485830038,1871-1900  Gilded Age
1896,4.233333333333333,0.18458333333333332,0.22833333333333336,6.4624999999999995,3.5083333333333333,16.9575,8.749166666666666,10.820833333333333,200.54250000000002,0.8083941605839414,0.0436023622047244,0.05393700787401575,18.54014598540146,-0.07322175732217584,0.09381237524950126,1871-1900  Gilded Age
1897,4.450833333333333,0.18000000000000002,0.26416666666666666,6.4941666666666675,3.3775,17.970833333333335,8.489166666666668,12.441666666666668,209.66083333333333,0.6813880126182966,0.040441864819322236,0.05935218123946827,16.848580441640376,-0.02483069977426622,0.15693430656934293,1871-1900  Gilded Age
1898,5.0525,0.19083333333333333,0.33166666666666667,6.7491666666666665,3.2358333333333333,19.481666666666666,8.661666666666667,15.0575,229.42166666666665,0.5753768844221105,0.037770080818076854,0.0656440705921161,15.233668341708544,0.06018518518518512,0.25552050473186116,1871-1900  Gilded Age
1899,6.288333333333334,0.20541666666666666,0.42041666666666666,7.288333333333334,3.1225,21.537499999999998,8.645833333333334,17.63,264.8075,0.4886025768087215,0.03266631327855817,0.06685661277498012,14.957383548067396,0.07641921397379914,0.26758793969849237,1871-1900  Gilded Age
1900,6.1475,0.25875,0.48,7.81,3.126666666666667,18.57,10.159166666666666,18.820833333333333,241.04916666666668,0.5390625,0.04209028060187068,0.07808052053680357,12.807291666666668,0.25963488843813387,0.1417244796828543,1871-1900  Gilded Age
1901,7.8425,0.31083333333333335,0.4908333333333334,7.691666666666666,3.1366666666666667,22.736666666666665,12.375,19.541666666666668,312.2716666666667,0.633276740237691,0.03963447030071193,0.06258633513973011,15.97792869269949,0.20128824476650586,0.022569444444444642,1901-1929  Pre-Crash
1902,8.416666666666666,0.32541666666666663,0.5704166666666667,8.1825,3.235,21.956666666666667,12.184166666666668,21.32166666666667,315.18916666666667,0.570489408327246,0.03866336633663366,0.06777227722772278,14.755295836376916,0.046916890080428875,0.16213921901527995,1901-1929  Pre-Crash
1903,7.211666666666667,0.3408333333333333,0.5758333333333333,8.285,3.345833333333333,17.635833333333334,12.6025,21.265833333333333,266.03249999999997,0.5918958031837916,0.047261382019875196,0.07984746937832216,12.523878437047758,0.04737516005121645,0.009495982468955333,1901-1929  Pre-Crash
1904,7.049166666666667,0.3283333333333333,0.5083333333333333,8.279166666666667,3.436666666666667,16.29,12.1475,18.805,260.56583333333333,0.6459016393442623,0.046577609646530314,0.07211254285376521,13.867213114754101,-0.03667481662591687,-0.11722141823444288,1901-1929  Pre-Crash
1905,8.985833333333334,0.32083333333333336,0.5875,8.3575,3.4575,19.3125,11.754166666666668,21.526666666666667,329.18416666666667,0.5460992907801419,0.03570434943893165,0.06538069182973198,15.295035460992908,-0.02284263959390853,0.15573770491803285,1901-1929  Pre-Crash
1906,9.621666666666668,0.36791666666666667,0.71875,8.570833333333335,3.5399999999999996,18.719166666666666,13.135,25.6675,343.6891666666667,0.5118840579710145,0.038238350944049884,0.0747011952191235,13.386666666666668,0.14675324675324664,0.22340425531914887,1901-1929  Pre-Crash
1907,7.84,0.42166666666666663,0.7058333333333334,9.069166666666666,3.7616666666666667,13.409166666666666,14.235,23.833333333333332,264.78833333333336,0.5974025974025973,0.053784013605442174,0.09002976190476192,11.107438016528924,0.14609286523216292,-0.017971014492753512,1901-1929  Pre-Crash
1908,7.775833333333334,0.4183333333333333,0.6166666666666667,8.736666666666666,3.8191666666666664,13.137500000000001,14.665833333333333,21.622500000000002,272.1141666666667,0.6783783783783782,0.053799164076733456,0.07930554067088201,12.60945945945946,-0.007905138339921014,-0.12632821723730825,1901-1929  Pre-Crash
1909,9.7125,0.42166666666666663,0.6775000000000001,9.435,3.8275,14.858333333333334,13.685,21.95,314.9483333333333,0.6223862238622385,0.04341484341484341,0.06975546975546976,14.335793357933579,0.007968127490039834,0.09864864864864886,1901-1929  Pre-Crash
1910,9.351666666666667,0.45625000000000004,0.74375,9.770000000000001,3.9425000000000003,13.549999999999999,14.32,23.324166666666667,293.195,0.6134453781512605,0.048788094813758696,0.07953127784708608,12.573669467787115,0.08201581027667992,0.0977859778597785,1901-1929  Pre-Crash
1911,9.235,0.47,0.6541666666666667,9.005833333333333,3.9933333333333336,14.248333333333333,15.981666666666667,22.251666666666665,314.16583333333335,0.7184713375796178,0.05089334055224689,0.07083558924381882,14.117197452229298,0.030136986301369628,-0.1204481792717087,1901-1929  Pre-Crash
1912,9.535,0.47541666666666665,0.6495833333333333,9.6,4.211666666666667,13.734166666666667,15.165,20.7025,303.9825,0.731879409878127,0.04986016430693935,0.06812620171298724,14.678640153944837,0.01152482269503552,-0.007006369426751702,1901-1929  Pre-Crash
1913,8.5075,0.48,0.6620833333333334,9.883333333333335,4.316666666666666,11.945,14.866666666666667,20.515833333333333,263.62916666666666,0.724984266834487,0.05642080517190714,0.07782348907826428,12.849590937696664,0.009640666082383786,0.019243104554201418,1901-1929  Pre-Crash
1914,7.945,0.4475,0.5704166666666667,10.016666666666667,4.196666666666666,11.054166666666667,13.684166666666668,17.444166666666668,242.96416666666667,0.7845142439737034,0.05632473253618628,0.07179567862387246,13.928414901387875,-0.06770833333333326,-0.13845185651353054,1901-1929  Pre-Crash
1915,8.305,0.4254166666666667,0.715,10.108333333333333,4.1525,11.4975,12.884166666666667,21.628333333333334,251.345,0.5949883449883451,0.05122416215131448,0.08609271523178808,11.615384615384615,-0.04934823091247664,0.25346968590211816,1901-1929  Pre-Crash
1916,9.466666666666667,0.5004166666666666,1.2321250000000001,10.883333333333333,4.131666666666667,11.998333333333333,14.0575,34.51916666666667,266.31916666666666,0.40614115180413235,0.05286091549295774,0.13015404929577465,7.683203138209731,0.1762977473065619,0.7232517482517484,1901-1929  Pre-Crash
1917,8.495,0.6304166666666666,1.3946666666666667,12.825000000000001,4.386666666666667,8.781666666666666,15.041666666666666,33.4525,204.13,0.4520195984703632,0.07421031979595841,0.16417500490484602,6.09106118546845,0.25978351373855113,0.13191978627709577,1901-1929  Pre-Crash
1918,7.539166666666667,0.625,1.123,15.041666666666666,4.538333333333333,6.44,12.804166666666667,23.03,153.67583333333334,0.5565449688334817,0.08290040897535095,0.14895545484691058,6.713416444048679,-0.008592200925313875,-0.1947896749521989,1901-1929  Pre-Crash
1919,8.7825,0.5483333333333333,0.9575,17.333333333333332,4.715,6.543333333333333,9.714166666666666,16.962500000000002,155.13583333333332,0.5726718885987816,0.062434766106841254,0.10902362653003131,9.172323759791123,-0.1226666666666667,-0.147373107747106,1901-1929  Pre-Crash
1920,7.9775,0.5191666666666667,0.8595833333333333,20.041666666666668,5.0249999999999995,5.3116666666666665,7.935833333333334,13.139166666666666,121.9375,0.603974793989336,0.06507886764859501,0.10775096625927086,9.28065923412506,-0.05319148936170215,-0.10226283724978247,1901-1929  Pre-Crash
1921,6.857500000000001,0.48291666666666666,0.52375,17.849999999999998,4.728333333333333,5.406666666666666,8.2825,8.928333333333333,117.66083333333334,0.9220365950676213,0.07042167942641875,0.07637623040466641,13.093078758949881,-0.0698234349919743,-0.39069316529326215,1901-1929  Pre-Crash
1922,8.410833333333334,0.4870833333333333,0.5066666666666667,16.75,4.325833333333333,7.5225,8.9025,9.264166666666666,153.76,0.9613486842105262,0.05791142375904091,0.06023977013771921,16.60032894736842,0.008628127696289845,-0.032617342879872724,1901-1929  Pre-Crash
1923,8.573333333333332,0.5208333333333334,0.8470833333333333,17.05,4.220833333333333,7.8625,9.350833333333332,15.193333333333333,154.03333333333333,0.6148548942449582,0.06075038880248835,0.09880443234836704,10.121003443187407,0.06928999144568015,0.6718749999999998,1901-1929  Pre-Crash
1924,9.045833333333333,0.5408333333333334,0.9529166666666667,17.125,3.9683333333333333,8.371666666666668,9.6675,17.035833333333333,161.67916666666667,0.5675557498906865,0.059788116075541235,0.10534315983417782,9.4927853082641,0.03839999999999999,0.1249385145105757,1901-1929  Pre-Crash
1925,11.15,0.5770833333333333,1.1033333333333333,17.541666666666668,3.779166666666667,10.103333333333333,10.07,19.2375,194.45583333333332,0.523036253776435,0.05175635276532137,0.09895366218236172,10.105740181268883,0.06702619414483801,0.15784871010056833,1901-1929  Pre-Crash
1926,12.586666666666666,0.64875,1.2445833333333334,17.7,3.5241666666666664,11.7275,11.223333333333334,21.526666666666667,217.76833333333335,0.5212587880816874,0.05154263771186441,0.09888109110169492,10.113157013726147,0.12418772563176916,0.12802114803625386,1901-1929  Pre-Crash
1927,15.343333333333334,0.7333333333333334,1.1696666666666666,17.358333333333334,3.3349999999999995,15.856666666666667,12.935,20.629166666666666,270.65916666666664,0.6269592476489029,0.04779491635889638,0.0762328915924397,13.117697349672271,0.13037893384714194,-0.060194174757281615,1901-1929  Pre-Crash
1928,19.953333333333333,0.8133333333333334,1.2561666666666667,17.158333333333335,3.454166666666667,21.78833333333333,14.510833333333332,22.412499999999998,355.9816666666666,0.6474724691521826,0.040761777480788505,0.06295522886735716,15.884304099774447,0.10909090909090913,0.07395269307495012,1901-1929  Pre-Crash
1929,26.01833333333333,0.915,1.5045833333333334,17.158333333333335,3.4583333333333335,27.60083333333333,16.3225,26.838333333333335,464.1066666666666,0.6081417889781224,0.03516751008903978,0.05782781372109411,17.29271669897535,0.125,0.1977577285392067,1901-1929  Pre-Crash
1930,21.026666666666667,0.9754166666666667,1.2633333333333334,16.7,3.313333333333333,21.479166666666668,17.888333333333332,23.110833333333332,384.7425,0.7720976253298153,0.046389505389980976,0.06008243500317058,16.643799472295512,0.0660291438979963,-0.16034339518139018,1930-1945  Depression & War
1931,13.659166666666666,0.8933333333333334,0.775,15.208333333333334,3.4958333333333336,14.667499999999999,17.97,15.56,273.8233333333333,1.1526881720430109,0.06540174485998415,0.05673845402965042,17.624731182795696,-0.08415207176420325,-0.38654353562005284,1930-1945  Depression & War
1932,6.928333333333334,0.6466666666666666,0.5016666666666667,13.641666666666666,3.5108333333333337,8.07,14.468333333333334,11.2325,155.39583333333334,1.2890365448504981,0.09333654077459705,0.07240798652874669,13.81063122923588,-0.27611940298507476,-0.35268817204301073,1930-1945  Depression & War
1933,8.958333333333334,0.4675,0.42625,12.933333333333332,3.2225,11.096666666666666,11.076666666666666,10.088333333333333,211.53083333333333,1.096774193548387,0.052186046511627907,0.04758139534883721,21.01661779081134,-0.277061855670103,-0.15033222591362128,1930-1945  Depression & War
1934,9.844166666666666,0.4454166666666666,0.46708333333333335,13.383333333333333,2.9683333333333333,12.1975,10.189166666666667,10.6825,225.30499999999998,0.9536128456735057,0.045246762041818336,0.04744772708033523,21.075825156110614,-0.04723707664884147,0.09579667644183765,1930-1945  Depression & War
1935,10.599166666666667,0.4483333333333333,0.7425,13.725,2.7258333333333336,13.1225,10.0,16.5575,236.36166666666668,0.6038159371492704,0.04229892287129491,0.07005267709725607,14.274971941638608,0.00654817586529477,0.5896520963425513,1930-1945  Depression & War
1936,15.468333333333334,0.5741666666666666,0.8858333333333334,13.866666666666667,2.6641666666666666,19.2575,12.663333333333334,19.5425,341.3225,0.6481655691439322,0.037118844952052574,0.05726753582588083,17.46190028222013,0.2806691449814125,0.19304152637485972,1930-1945  Depression & War
1937,15.405833333333334,0.7833333333333333,1.1483333333333332,14.383333333333333,2.625,18.456666666666667,16.670833333333334,24.43166666666667,328.3275,0.6821480406386068,0.05084654081246281,0.07453886514848271,13.415820029027579,0.3642960812772136,0.2963311382878644,1930-1945  Depression & War
1938,11.488333333333335,0.6966666666666667,0.7908333333333334,14.091666666666667,2.4683333333333333,13.928333333333333,15.128333333333332,17.169166666666666,249.655,0.8809272918861959,0.06064123023357028,0.0688379515450457,14.52687038988409,-0.11063829787234047,-0.31132075471698106,1930-1945  Depression & War
1939,12.061666666666667,0.5483333333333333,0.7733333333333333,13.908333333333333,2.2916666666666665,15.565,12.066666666666668,17.018333333333334,265.4008333333333,0.709051724137931,0.04546082630924416,0.06411496476440513,15.59698275862069,-0.21291866028708128,-0.02212855637513178,1930-1945  Depression & War
1940,11.020833333333334,0.6508333333333334,1.0275,14.008333333333333,2.091666666666667,14.685833333333333,14.222499999999998,22.453333333333333,240.8841666666667,0.6334144363341444,0.05905482041587902,0.09323251417769376,10.725871857258719,0.18693009118541037,0.3286637931034484,1930-1945  Depression & War
1941,9.824166666666667,0.6916666666666668,1.1158333333333335,14.725,2.185,12.2125,14.387500000000001,23.190833333333334,204.61166666666668,0.619865571321882,0.07040461447111715,0.11358045635762153,8.804331590739357,0.06274007682458405,0.08596918085969185,1930-1945  Depression & War
1942,8.673333333333334,0.65,1.0083333333333333,16.333333333333332,2.464166666666667,9.238333333333333,12.203333333333333,18.923333333333336,162.5175,0.6446280991735538,0.0749423520368947,0.11625672559569561,8.601652892561985,-0.06024096385542177,-0.09634055265123243,1930-1945  Depression & War
1943,11.504166666666668,0.5958333333333333,1.0549997500000001,17.308333333333334,2.475,11.042499999999999,10.539166666666667,18.661666666666665,203.38750000000002,0.5647710659015164,0.05179282868525896,0.0917058819268381,10.904425964713894,-0.08333333333333337,0.046280743801653035,1930-1945  Depression & War
1944,12.468333333333334,0.63,0.9208333333333334,17.591666666666665,2.4291666666666667,11.341666666666667,10.9625,16.025833333333335,216.92499999999998,0.6841628959276018,0.05052800427750301,0.07385376286592701,13.54027149321267,0.05734265734265742,-0.1271719890612929,1930-1945  Depression & War
1945,15.155833333333334,0.6533333333333333,0.975,17.991666666666667,2.2883333333333336,13.270833333333334,11.115833333333333,16.589166666666667,257.7525,0.67008547008547,0.04310771430142409,0.06433166547533953,15.544444444444446,0.03703703703703698,0.05882352941176472,1930-1945  Depression & War
1946,17.080833333333334,0.6858333333333334,0.9141664166666666,19.516666666666666,2.2175,14.044166666666667,10.789166666666667,14.360833333333334,270.285,0.7502280994242753,0.04015221739766795,0.05352001268478313,18.68459945795792,0.04974489795918391,-0.062393418803418754,1946-1972  Post-war boom
1947,15.165833333333333,0.7666666666666666,1.4216666666666666,22.325,2.3366666666666664,11.173333333333334,10.505833333333333,19.455,208.11333333333334,0.5392731535756154,0.050552228144403535,0.09374141436342656,10.667643610785463,0.11786148238153071,0.5551508355015959,1946-1972  Post-war boom
1948,15.5325,0.8675,1.9258333333333333,24.041666666666668,2.3808333333333334,10.654166666666667,11.046666666666667,24.497500000000002,197.70833333333334,0.45045434876676765,0.05585063576372123,0.12398733837652234,8.065339679792299,0.13152173913043486,0.35463071512309496,1946-1972  Post-war boom
1949,15.229999999999999,1.02750025,2.37,23.808333333333334,2.3141666666666665,9.901666666666666,13.213333333333333,30.4725,195.84916666666666,0.4335444092827004,0.06746554497701904,0.15561391989494422,6.426160337552742,0.1844383285302591,0.23063608827347482,1946-1972  Post-war boom
1950,18.400000000000002,1.265,2.5741666666666667,24.066666666666666,2.4341666666666666,11.1825,16.07,32.714166666666664,233.91583333333332,0.49142117190029133,0.06874999999999999,0.13990036231884057,7.147944318549693,0.23114325276319891,0.08614627285513365,1946-1972  Post-war boom
1951,22.334999999999997,1.5075,2.658333333333333,25.958333333333332,2.62,12.008333333333333,17.784166666666668,31.37,263.3491666666667,0.5670846394984327,0.06749496306245803,0.119020968584434,8.401880877742945,0.19169960474308323,0.032696665587568674,1946-1972  Post-war boom
1952,24.497500000000002,1.4324999999999999,2.3783333333333334,26.55,2.749166666666667,12.454166666666666,16.516666666666666,27.425,282.43083333333334,0.6023125437981779,0.05847535462802326,0.09708473653774194,10.300280308339174,-0.049751243781094634,-0.1053291536050156,1946-1972  Post-war boom
1953,24.731666666666666,1.4216666666666666,2.4908333333333332,26.766666666666666,2.839166666666667,12.000833333333333,16.26,28.485833333333332,282.9066666666667,0.5707594513215122,0.05748365792843184,0.10071433384998989,9.929073268651724,-0.0075625363583478045,0.047302032235458924,1946-1972  Post-war boom
1954,29.689166666666665,1.4749999999999999,2.620833333333333,26.849999999999998,2.401666666666667,13.665,16.81833333333333,29.882500000000004,338.5575,0.5627980922098569,0.049681421393886656,0.0882757459230359,11.328139904610493,0.0375146541617819,0.052191368350618994,1946-1972  Post-war boom
1955,40.49333333333333,1.5891666666666666,3.2391666666666663,26.775000000000002,2.8166666666666664,17.524166666666666,18.1675,37.02833333333333,462.87583333333333,0.4906097247234371,0.039245143233454065,0.07999259137306552,12.501157705171083,0.0774011299435029,0.23593004769475345,1946-1972  Post-war boom
1956,46.623333333333335,1.7691666666666668,3.5574999999999997,27.183333333333334,3.1824999999999997,18.25916666666667,19.921666666666667,40.08,525.0675,0.4973061606933709,0.03794594981053836,0.07630299563880745,13.105645350199111,0.11326691137912959,0.09827630563416512,1946-1972  Post-war boom
1957,44.379999999999995,1.7483333333333333,3.4183333333333334,28.09166666666667,3.6475000000000004,15.614166666666668,19.0525,37.255833333333335,483.7516666666667,0.5114578254509995,0.03939462220219318,0.07702418506834911,12.982935153583616,-0.011775788977861579,-0.03911923167018028,1946-1972  Post-war boom
1958,46.23833333333334,1.7483333333333333,3.0,28.858333333333334,3.3158333333333334,15.1425,18.549166666666665,31.83,490.38000000000005,0.5827777777777777,0.037811339797426374,0.06488123130158958,15.412777777777778,0.0,-0.12237932715748423,1946-1972  Post-war boom
1959,57.37916666666666,1.7933333333333332,3.2908333333333335,29.150000000000002,4.333333333333333,18.365833333333335,18.833333333333332,34.553333333333335,602.5583333333333,0.5449480881235755,0.03125408467068477,0.05735240723259023,17.43605976196505,0.025738798856053346,0.0969444444444445,1946-1972  Post-war boom
1960,55.85,1.9375,3.3074999999999997,29.575,4.116666666666666,17.418333333333333,20.055000000000003,34.23916666666667,578.1341666666666,0.5857898715041573,0.0346911369740376,0.059221128021486116,16.88586545729403,0.08039033457249078,0.005064573309698561,1946-1972  Post-war boom
1961,66.2725,1.9591666666666665,3.0966666666666662,29.891666666666666,3.8825,20.455833333333334,20.063333333333333,31.715,678.6466666666666,0.6326695371367062,0.02956228702201768,0.046726269065851846,21.401237890204523,0.011182795698924552,-0.0637440161249685,1946-1972  Post-war boom
1962,62.3825,2.0683333333333334,3.47,30.25,3.9458333333333333,18.823333333333334,20.930833333333332,35.11166666666667,631.495,0.5960614793467819,0.03315566598538586,0.055624574199495055,17.977665706051873,0.05572096980008512,0.12055974165769667,1946-1972  Post-war boom
1963,69.865,2.1975000000000002,3.8533333333333335,30.625,4.0025,20.259166666666665,21.965,38.515,698.2516666666667,0.5702854671280277,0.03145351749803192,0.05515398745199075,18.131055363321796,0.062449637389202284,0.11047070124879932,1946-1972  Post-war boom
1964,81.36833333333333,2.3941666666666666,4.338333333333334,31.016666666666666,4.1866666666666665,22.5525,23.626666666666665,42.8125,803.0083333333333,0.5518632347291585,0.02942381352286926,0.053317220048749524,18.755666538609294,0.08949563898369339,0.12586505190311437,1946-1972  Post-war boom
1965,88.17,2.6166666666666667,4.869166666666667,31.508333333333336,4.2825,23.262500000000003,25.42,47.29833333333334,856.5916666666667,0.5373951737121342,0.02967751691807493,0.055224755207742615,18.107821324661987,0.09293421510616096,0.1223588167499039,1946-1972  Post-war boom
1966,85.25666666666666,2.83,5.435,32.458333333333336,4.923333333333333,21.301666666666666,26.689999999999998,51.25666666666667,804.7066666666666,0.5206991720331188,0.033193885131172544,0.06374868045509638,15.68659920269856,0.08152866242038215,0.11620742769125436,1946-1972  Post-war boom
1967,91.92833333333334,2.9058333333333333,5.370833333333334,33.358333333333334,5.073333333333333,21.605,26.6675,49.29833333333334,843.4441666666667,0.5410395655546936,0.03160976847906884,0.05842413474264372,17.11621411947246,0.02679623085983507,-0.011806194418889748,1946-1972  Post-war boom
1968,98.69416666666666,2.9975,5.571666666666666,34.78333333333333,5.645833333333333,21.485,26.38,49.03,868.2075,0.537989829494466,0.030371602509435717,0.05645385998834784,17.713580616212983,0.03154574132492116,0.0373933281613652,1946-1972  Post-war boom
1969,97.83999999999999,3.1275,5.8308333333333335,36.68333333333333,6.670833333333333,19.4275,26.104166666666668,48.671666666666674,817.1999999999999,0.5363727311705017,0.031965453802125926,0.0595955982556555,16.779762755466628,0.043369474562135135,0.04651510619204324,1946-1972  Post-war boom
1970,83.22,3.171666666666667,5.464166666666666,38.824999999999996,7.348333333333334,15.1825,25.013333333333335,43.11666666666667,656.465,0.5804483757816075,0.03811183209164464,0.06565929664343507,15.230135732804637,0.014122035704769553,-0.06288409318279276,1946-1972  Post-war boom
1971,98.28333333333335,3.098333333333333,5.37,40.49166666666667,6.159166666666667,16.86583333333333,23.4275,40.59166666666667,743.1433333333333,0.5769708255741774,0.031524503985077154,0.054637951500763095,18.30229671011794,-0.023121387283237094,-0.017233490925728123,1946-1972  Post-war boom
1972,109.20833333333333,3.0858333333333334,6.0249999999999995,41.81666666666667,6.21,17.768333333333334,22.5925,44.09583333333333,799.3216666666667,0.5121715076071923,0.028256390690576116,0.055169782525753525,18.125864453665283,-0.004034427111350047,0.12197392923649897,1946-1972  Post-war boom
1973,107.42333333333333,3.2408333333333332,7.325,44.4,6.8425,16.1475,22.3475,50.4475,742.0450000000001,0.44243458475540387,0.03016880255686226,0.06818816520309058,14.665301478953355,0.050229543613286465,0.2157676348547719,1973-1981  Stagflation
1974,82.5525,3.5141666666666667,8.714166666666666,49.30833333333334,7.5575,10.925833333333335,21.829166666666666,54.10666666666666,515.3425,0.40327053648273886,0.04256887031485015,0.10555908866075123,9.473367122501674,0.08434044741578806,0.18964732650739458,1973-1981  Stagflation
1975,86.15583333333332,3.6858333333333335,8.11,53.81666666666666,7.987500000000001,10.235833333333334,20.973333333333333,46.182500000000005,489.8825,0.45448006576243327,0.04278100728331416,0.09413175737762002,10.623407316070693,0.04884989328906819,-0.0693315482451945,1973-1981  Stagflation
1976,102.02166666666666,3.8066666666666666,9.18,56.90833333333333,7.611666666666667,11.545,20.4725,49.35166666666667,548.8141666666667,0.41466957153231665,0.037312335614983747,0.08998088641301684,11.113471314451706,0.032783178837892724,0.13193588162762038,1973-1981  Stagflation
1977,98.21,4.378333333333333,10.443330833333333,60.60833333333333,7.4191666666666665,10.433333333333334,22.10666666666667,52.737500000000004,496.4675,0.41924682873767044,0.04458133930692733,0.10633673590605165,9.404087792232954,0.15017513134851135,0.13761773783587494,1973-1981  Stagflation
1978,96.02,4.916666666666667,11.3925,65.23333333333333,8.41,9.378333333333332,23.075,53.446666666666665,450.48083333333335,0.431570477653427,0.05120461015066306,0.11864715684232452,8.428351985955672,0.12295393985534853,0.09088758958368737,1973-1981  Stagflation
1979,103.0225,5.376666666666666,13.981666666666667,72.575,9.4425,8.926666666666668,22.683333333333334,58.945,434.7133333333333,0.38455119799737747,0.05218924668559457,0.135714690156681,7.368399094051734,0.09355932203389816,0.2272694023846098,1973-1981  Stagflation
1980,118.78333333333335,5.95,14.925833333333332,82.40833333333333,11.46,8.831666666666667,22.108333333333334,55.51500000000001,440.68249999999995,0.3986377086706494,0.050091202469482246,0.1256559562228146,7.958237954329744,0.10663360198388117,0.06752890690189517,1973-1981  Stagflation
1981,128.04166666666666,6.415833333333333,15.01,90.925,13.910833333333334,8.464166666666666,21.603333333333335,50.54750000000001,431.7425,0.42743726404619137,0.05010738691832086,0.11722746501789783,8.530424161669997,0.07829131652661059,0.0056389927977222865,1973-1981  Stagflation
1982,119.72500000000001,6.7925,14.021666666666667,96.5,13.001666666666667,7.346666666666667,21.549166666666668,44.5275,379.6525,0.4844288600974682,0.05673418250156609,0.11711561216677106,8.538571258766195,0.058708923236784116,-0.06584499222740392,1982-1999  Buyback era begins
1983,160.42499999999998,6.966666666666666,12.969166666666666,99.60000000000001,11.104999999999999,9.640833333333333,21.415833333333335,39.850833333333334,492.8925,0.5371714964981045,0.043426315516077084,0.08084255363357748,12.36972306110647,0.02564102564102555,-0.07506240342327353,1982-1999  Buyback era begins
1984,160.46666666666667,7.3133333333333335,15.9475,103.88333333333333,12.438333333333333,9.43,21.550833333333333,46.97666666666667,472.86083333333335,0.4585880754559231,0.04557540506855006,0.099382010801828,10.062183205309088,0.04976076555023945,0.22964724024930927,1982-1999  Buyback era begins
1985,186.85,7.754166666666666,15.629166666666668,107.56666666666666,10.623333333333333,10.690833333333332,22.06833333333333,44.50333333333333,531.5941666666666,0.4961343641695547,0.0414994202122915,0.08364552671483366,11.955211943481737,0.060278030993618836,-0.019961331452160613,1982-1999  Buyback era begins
1986,236.35833333333335,8.125833333333334,14.650833333333333,109.60833333333333,7.6825,13.389166666666668,22.695000000000004,40.91833333333333,660.0991666666667,0.5546328422729083,0.03437929697140641,0.06198568557627895,16.13275695352938,0.04793121977431514,-0.06259664089576122,1982-1999  Buyback era begins
1987,286.84166666666664,8.538333333333334,15.468333333333334,113.625,8.384166666666667,16.015833333333333,23.002499999999998,41.655,772.9908333333333,0.5519879323348778,0.0297667121815171,0.053926382150431426,18.543799159573318,0.05076402420264592,0.05579887378419901,1982-1999  Buyback era begins
1988,265.78333333333336,9.2675,21.165,118.25833333333333,8.845833333333333,14.44,23.984166666666667,54.725833333333334,687.9191666666667,0.4378691235530357,0.03486862732802408,0.07963253276478334,12.557681707221043,0.0853991801678704,0.36827928024997303,1982-1999  Buyback era begins
1989,322.8333333333333,10.404166666666667,24.261666666666667,123.96666666666665,8.498333333333333,16.613333333333333,25.685,59.93833333333333,796.6483333333334,0.4288314900048087,0.03222767165720186,0.07515229736706247,13.306313113965789,0.12265084075173105,0.14631073312859288,1982-1999  Buyback era begins
1990,334.58750000000003,11.6425,21.632499999999997,130.65833333333333,8.55,16.4575,27.275000000000002,50.70583333333334,784.5533333333333,0.538194845718248,0.034796577875742515,0.06465423842791496,15.466890095920494,0.11902282739287151,-0.10836710860754295,1982-1999  Buyback era begins
1991,376.1775,12.178333333333333,18.960833333333333,136.19166666666666,7.858333333333333,17.920833333333334,27.375,42.655,845.39,0.6422889289324485,0.03237390150483039,0.0504039538072674,19.839713444380962,0.046023906663803515,-0.12350244616510642,1982-1999  Buyback era begins
1992,415.7441666666667,12.339166666666666,17.334166666666665,140.31666666666666,7.010000000000001,19.63416666666667,26.920833333333334,37.80083333333334,907.0158333333334,0.7118407768857267,0.02967971087988807,0.04169431120500788,23.984087303495027,0.013206514301354888,-0.08579088471849872,1982-1999  Buyback era begins
1993,451.4066666666667,12.508333333333333,20.133333333333333,144.45833333333334,5.873333333333334,20.749166666666667,26.506666666666664,42.65833333333333,956.5091666666667,0.6212748344370861,0.027709677895762872,0.04460132031723058,22.42086092715232,0.01370973188356861,0.16148262102783528,1982-1999  Buyback era begins
1994,460.32916666666665,12.863333333333335,25.733333333333334,148.225,7.079999999999999,20.48,26.564999999999998,53.10666666666666,950.7966666666666,0.49987046632124355,0.02794377211958834,0.0559020266294952,17.888439119170982,0.02838107928047995,0.2781456953642385,1982-1999  Buyback era begins
1995,541.6383333333333,13.4275,33.75,152.38333333333333,6.579999999999999,22.72083333333333,26.973333333333333,67.78916666666667,1087.5516666666667,0.39785185185185185,0.024790527504515623,0.0623109516497786,16.04854320987654,0.043858512568022645,0.3115284974093264,1982-1999  Buyback era begins
1996,670.8283333333333,14.39,35.5225,156.85,6.4383333333333335,25.9425,28.0825,69.31416666666667,1308.8408333333334,0.4050953620944472,0.02145109156093089,0.05295318971321526,18.88460365496047,0.07168125116365665,0.05251851851851863,1982-1999  Buyback era begins
1997,872.6733333333333,15.2125,40.205,160.51666666666668,6.3525,30.956666666666667,29.01,76.67666666666666,1663.7616666666665,0.3783733366496705,0.017432066981917634,0.04607107661515191,21.70559217344443,0.05715774843641408,0.1318178619185022,1982-1999  Buyback era begins
1998,1084.3108333333332,15.9275,38.745,163.00833333333333,5.264166666666667,36.00666666666667,29.910833333333333,72.77083333333333,2036.08,0.4110853013292038,0.01468905364621,0.035732373788881264,27.98582612810255,0.047000821692686934,-0.03631389130705143,1982-1999  Buyback era begins
1999,1326.0608333333332,16.516666666666666,42.01083333333333,166.57500000000002,5.636666666666667,42.068333333333335,30.355833333333333,77.16416666666667,2436.57,0.39315255985559283,0.012455436622125808,0.03168092464335158,31.564735286533235,0.03699053000575514,0.08429044607906389,1982-1999  Buyback era begins
2000,1427.0075,16.555,51.49,172.20000000000002,6.029166666666666,41.70083333333333,29.436666666666667,91.53166666666668,2537.210833333333,0.3215187415032045,0.011601200414153395,0.03608250131831823,27.71426490580695,0.002320887991927423,0.22563624461944354,2000-2008  Dot-com to GFC
2001,1192.0783333333334,15.829166666666666,35.916666666666664,177.0666666666667,5.0175,32.064166666666665,27.368333333333336,62.14833333333333,2061.4975,0.44071925754060326,0.013278629620257058,0.030129451783789372,33.19011600928074,-0.0438437531460788,-0.3024535508512981,2000-2008  Dot-com to GFC
2002,995.63,15.8825,27.025833333333335,179.875,4.610833333333333,25.918333333333333,27.02916666666667,45.9775,1695.6958333333332,0.5876784557984644,0.015952211162781355,0.02714445459993505,36.83993709722179,0.0033693077125560578,-0.24754060324825977,2000-2008  Dot-com to GFC
2003,963.6891666666667,16.4825,36.285,183.95833333333334,4.015,24.1075,27.4275,60.35166666666667,1603.3474999999999,0.4542510679344082,0.017103543933166557,0.037652182109203604,26.5588856736025,0.03777742798677797,0.3426042983565105,2000-2008  Dot-com to GFC
2004,1130.5475,18.63416666666667,55.300000000000004,188.88333333333333,4.274166666666667,26.41333333333333,30.195000000000004,89.59083333333332,1832.42,0.3369650391802291,0.016482427024664306,0.04891435344379604,20.443896925858947,0.1305424945649427,0.5240457489320658,2000-2008  Dot-com to GFC
2005,1207.0608333333332,20.980833333333333,64.005,195.29166666666666,4.29,26.014166666666668,32.87916666666667,100.28500000000001,1892.1558333333332,0.3277999114652501,0.01738175305994658,0.05302549650563041,18.858852173007318,0.12593354501140364,0.1574141048824591,2000-2008  Dot-com to GFC
2006,1310.67,23.578333333333333,75.83666666666666,201.59166666666667,4.791666666666667,25.978333333333335,35.800000000000004,115.145,1990.4475,0.31090941057535937,0.017989526984926285,0.05786099221517747,17.282800756010726,0.12380347142232995,0.1848553498424601,2000-2008  Dot-com to GFC
2007,1476.6333333333332,26.355,79.49000000000001,207.34416666666667,4.629166666666666,26.834166666666665,38.905,117.4325,2180.0033333333336,0.3315511385079884,0.017848032686968104,0.05383191494164655,18.576340839518593,0.11776348342404752,0.04817370665025744,2000-2008  Dot-com to GFC
2008,1220.8883333333333,28.507499999999997,47.42250000000001,215.30166666666665,3.6666666666666665,20.775833333333335,40.5375,67.3925,1735.1925,0.6011386999841846,0.02334980130587973,0.03884261869431139,25.744917145518123,0.0816733067729083,-0.4034155239652787,2000-2008  Dot-com to GFC
2009,946.7358333333333,25.28833333333333,16.462500000000002,214.53666666666666,3.2566666666666664,16.9225,36.108333333333334,23.41416666666667,1349.9041666666667,1.536117438623133,0.0267110765674691,0.01738869431194728,57.50863072639837,-0.1129234996638312,-0.6528546575992409,2009-2023  Post-GFC
2010,1139.3075,22.228333333333335,67.11166666666666,218.05583333333334,3.214166666666667,20.719166666666666,31.205833333333334,94.18833333333333,1599.3566666666666,0.3312141455782651,0.019510389717730583,0.05890566564923576,16.976295726028756,-0.12100441573848264,3.0766388256137684,2009-2023  Post-GFC
2011,1268.89,24.536666666666665,83.9775,224.9383333333333,2.785833333333333,21.755,33.385,114.2675,1727.3516666666667,0.29218143748821607,0.019337110913212857,0.06618185973567449,15.109880622785866,0.10384644222838713,0.25131000571187334,2009-2023  Post-GFC
2012,1379.5633333333333,28.72583333333333,87.40416666666668,229.59333333333333,1.8025,21.353333333333335,38.295833333333334,116.54666666666667,1839.2291666666667,0.32865519378366775,0.0208224099896344,0.06335640021359418,15.783725032178097,0.1707308789566635,0.040804580592023854,2009-2023  Post-GFC
2013,1642.5116666666665,33.380833333333335,92.16416666666667,232.95749999999998,2.3508333333333336,23.24416666666667,43.86000000000001,121.1025,2158.1,0.36218884779876487,0.020323041845466346,0.05611172726322594,17.821586480645948,0.16204925879724996,0.054459646279258145,2009-2023  Post-GFC
2014,1930.6674999999998,37.51416666666667,102.88416666666667,236.735,2.540833333333333,25.468333333333334,48.50833333333333,133.03666666666666,2496.495,0.3646252662784199,0.019430671861761114,0.053289427965543874,18.765448198216436,0.12382355143919921,0.11631418573740704,2009-2023  Post-GFC
2015,2061.1991666666668,41.78333333333333,94.15249999999999,237.01833333333332,2.1358333333333333,26.215,53.9625,121.63416666666667,2662.3058333333333,0.4437835780604162,0.020271371155706687,0.04567850672686894,21.89213421488189,0.11380145278450349,-0.08486890597030661,2009-2023  Post-GFC
2016,2091.8441666666668,44.574999999999996,88.58166666666666,240.00750000000002,1.8416666666666668,26.05416666666667,56.8525,112.97583333333334,2667.4533333333334,0.5032079625204613,0.021308948682840854,0.04234620727404407,23.614865754764907,0.0668129238133226,-0.059168193445031436,2009-2023  Post-GFC
2017,2448.2175,47.405833333333334,104.04,245.11916666666664,2.33,29.846666666666668,59.20166666666666,129.9125,3056.99,0.4556500704857106,0.019363407594845363,0.04249622429379742,23.531502306805077,0.06350719760702939,0.1745093981072081,2009-2023  Post-GFC
2018,2744.6800000000003,51.36833333333333,123.29916666666666,251.1075,2.91,31.4525,62.6175,150.27666666666667,3346.015,0.41661541372947913,0.018715600118532336,0.04492296612598432,22.26032887489102,0.0835867597166311,0.18511309752659222,2009-2023  Post-GFC
2019,2912.500986832612,56.245152018777866,134.9175,255.6575,2.1075,29.424166666666665,67.34166666666665,161.55249999999998,3486.5775,0.41688551906741433,0.019311633634825066,0.04632358945454806,21.58727360670493,0.09493823079285946,0.09422880662886324,2009-2023  Post-GFC
2020,3218.500956035923,59.09412525259672,105.75583333333334,258.81166666666667,0.8941666666666667,29.813333333333333,69.90166666666667,125.13333333333333,3805.4041666666667,0.5587788719543922,0.018360760509259003,0.03285872360391896,30.433318471346006,0.05065277862290607,-0.21614443394420035,2009-2023  Post-GFC
2021,4266.794426168765,58.61098471203203,156.42,270.9691666666667,1.4425000000000001,36.815,66.22583333333334,176.13333333333333,4815.92,0.37470262570024315,0.013736538220019174,0.036659839771200894,27.277806074471076,-0.008175779546604978,0.4790673485308137,2009-2023  Post-GFC
2022,4100.699783852748,64.01349635709484,189.6308333333333,292.6558333333333,2.9516666666666667,30.985,66.94916666666667,198.5575,4296.206666666667,0.33756902942345796,0.015610383527504169,0.046243529965309636,21.624646750586876,0.09217575291741764,0.21231833098921693,2009-2023  Post-GFC
2023,4103.652295776496,68.16166666666666,176.76666666666665,302.38,3.6199999999999997,28.776666666666667,69.00666666666666,178.9466666666667,4153.941666666667,0.3856024891570809,0.016610000495611937,0.04307544936216842,23.2150799308495,0.06480149571008509,-0.06783794829427348,2009-2023  Post-GFC
