Symbol,Security,Sector,SubIndustry,Founded,Age,YearAdded,Price,PE,PB,DivYield,EPS,MarketCapBn,Payer,PayoutRatio
MMM,3M,Industrials,Industrial Conglomerates,1902,124,1957,172.62,30.660744,27.59271,0.0181,5.63,89.024004096,True,0.5549595026642985
AOS,A. O. Smith,Industrials,Building Products,1916,110,2017,60.78,16.208,4.4609175,0.0237,3.75,8.37722368,True,0.38412959999999996
ABT,Abbott Laboratories,Health Care,Health Care Equipment,1888,138,1957,103.06,33.352753,3.4480913,0.0245,3.09,179.511263232,True,0.8171423948220066
ABBV,AbbVie,Health Care,Biotechnology,2013,13,2012,259.36,126.51707,-68.85054,0.0267,2.05,458.235346944,True,3.378005853658537
ACN,Accenture,Information Technology,IT Consulting & Other Services,1989,37,2011,146.99,11.740416,2.8201687,0.0444,12.52,89.949372416,True,0.5212744408945688
ADBE,Adobe Inc.,Information Technology,Application Software,1982,44,1997,225.11,12.870784,7.7981777,,17.49,89.481224192,False,
AMD,Advanced Micro Devices,Information Technology,Semiconductors,1969,57,2017,521.95,175.15102,13.19822,,2.98,851.091980288,False,
AES,AES Corporation,Utilities,Independent Power Producers & Energy Traders,1981,45,1998,14.84,7.729167,2.3943207,0.0474,1.92,10.58326016,True,0.3663625
AFL,Aflac,Financials,Life & Health Insurance,1955,71,1999,125.6,14.354285,2.1402037,0.0194,8.75,63.928500224,True,0.27847314285714286
A,Agilent Technologies,Health Care,Life Sciences Tools & Services,1999,27,2000,138.57,27.88129,5.4909654,0.0074,4.97,39.136595968,True,0.2063215291750503
APD,Air Products,Materials,Industrial Gases,1940,86,1985,297.87,31.354736,4.2383323,0.0243,9.5,66.329894912,True,0.7619201052631578
ABNB,Airbnb,Consumer Discretionary,"Hotels, Resorts & Cruise Lines",2008,18,2023,141.1,34.839504,10.994235,,4.05,83.743547392,False,
AKAM,Akamai Technologies,Information Technology,Internet Services & Infrastructure,1998,28,2007,115.37,38.84512,3.4208028,,2.97,16.77312,False,
ALB,Albemarle Corporation,Materials,Specialty Chemicals,1994,32,2016,114.85,,1.7779464,0.0143,-3.42,13.544794112,True,
ARE,Alexandria Real Estate Equities,Real Estate,Office REITs,1994,32,2017,50.94,,0.55269235,0.0565,-6.27,8.8772864,True,
ALGN,Align Technology,Health Care,Health Care Supplies,1997,29,2017,167.015,28.069748,2.8826008,,5.95,11.961302016,False,
ALLE,Allegion,Industrials,Building Products,1908,118,2013,153.36,20.125984,6.1573052,0.0138,7.62,13.041241088,True,0.27773858267716534
LNT,Alliant Energy,Utilities,Electric Utilities,1917,109,2016,74.94,23.566038,2.607788,0.0286,3.18,19.355281408,True,0.6739886792452829
ALL,Allstate,Financials,Property & Casualty Insurance,1931,95,1995,259.97,5.7502766,2.2654943,0.0166,45.21,66.92171776,True,0.0954545896925459
GOOGL,Alphabet Inc. (Class A),Communication Services,Interactive Media & Services,1998,28,2006,319.74,16.051205,6.2822223,0.0028,19.92,3910.39942656,True,0.044943373493975904
GOOG,Alphabet Inc. (Class C),Communication Services,Interactive Media & Services,1998,28,2014,319.09,16.002506,6.269451,0.0028,19.94,3902.44990976,True,0.04480702106318956
MO,Altria,Consumer Staples,Tobacco,1985,41,1957,72.99,15.237995,-37.976063,0.0581,4.79,121.885351936,True,0.8853275574112733
AMZN,Amazon,Consumer Discretionary,Broadline Retail,1994,32,2005,232.11,27.764355,5.6484075,,8.36,2496.832733184,False,
AMCR,Amcor,Materials,Paper & Plastic Packaging Products & Materials,2019,7,2019,44.54,35.632,1.7666892,0.0584,1.25,20.592877568,True,2.0809088
AEE,Ameren,Utilities,Multi-Utilities,1902,124,1991,113.78,20.46403,2.32242,0.0264,5.56,31.48879872,True,0.5402503597122302
AEP,American Electric Power,Utilities,Electric Utilities,1906,120,1957,135.54,99.66176,2.317993,0.028,1.36,73.74798848,True,2.7905294117647057
AXP,American Express,Financials,Consumer Finance,1850,176,1976,326.17,19.803888,6.5435543,0.0117,16.47,222.55443968,True,0.23170546448087437
AIG,American International Group,Financials,Multi-line Insurance,1919,107,1980,79.06,13.919014,1.0427327,0.0253,5.68,41.918103552,True,0.3521510563380282
AMT,American Tower,Real Estate,Telecom Tower REITs,1995,31,2007,166.67,26.88226,22.049213,0.0419,6.2,77.650395136,True,1.1263666129032257
AWK,American Water Works,Utilities,Water Utilities,1886,140,2016,134.66,23.875887,2.3825617,0.0266,5.64,26.296475648,True,0.6350985815602838
AMP,Ameriprise Financial,Financials,Asset Management & Custody Banks,1894,132,2005,528.9,131.56717,7.669553,0.0129,4.02,46.754762752,True,1.6972164179104479
AME,Ametek,Industrials,Electrical Components & Equipment,1930,96,2013,241.97,36.496227,5.0791354,0.0056,6.63,55.460253696,True,0.20437888386123682
AMGN,Amgen,Health Care,Biotechnology,1980,46,1992,376.04,26.18663,22.083628,0.0268,14.36,202.951901184,True,0.7018016713091924
APH,Amphenol,Information Technology,Electronic Components,1932,94,2008,152.67,43.87069,13.427441,0.0066,3.48,187.819900928,True,0.28954655172413796
ADI,Analog Devices,Information Technology,Semiconductors,1965,61,1999,371.86,55.254086,5.3680363,0.0118,6.73,181.128183808,True,0.6519982169390787
AON,Aon plc,Financials,Insurance Brokers,1982,44,1996,361.7,19.840923,7.856383,0.0091,18.23,77.250781184,True,0.1805523861766319
APA,APA Corporation,Energy,Oil & Gas Exploration & Production,1954,72,1997,36.15,8.426574,1.9790869,0.0277,4.29,12.777950208,True,0.2334160839160839
AAPL,Apple Inc.,Information Technology,"Technology Hardware, Storage & Peripherals",1977,49,1982,333.02,40.31719,45.87052,0.0032,8.26,4891.182891008,True,0.1290150121065375
AMAT,Applied Materials,Information Technology,Semiconductor Materials & Equipment,1967,59,1995,536.25,50.49435,17.807331,0.004,10.62,425.760751616,True,0.20197740112994353
APTV,Aptiv,Consumer Discretionary,Automotive Parts & Equipment,1994,32,2012,56.55,33.660713,1.300598,,1.68,11.967140864,False,
ACGL,Arch Capital Group,Financials,Property & Casualty Insurance,1995,31,2022,103.36,7.95689,1.5553615,,12.99,36.112908288,False,
ADM,Archer Daniels Midland,Consumer Staples,Agricultural Products & Services,1902,124,1957,85.92,38.357143,1.816068,0.0242,2.24,41.409703936,True,0.9282428571428569
ANET,Arista Networks,Information Technology,Communications Equipment,2004,22,2018,173.99,59.79038,16.244047,,2.91,219.082899456,False,
AJG,Arthur J. Gallagher & Co.,Financials,Insurance Brokers,1927,99,2016,247.77,40.15721,2.6772633,0.0113,6.17,63.662522368,True,0.45377649918962726
AIZ,Assurant,Financials,Multi-line Insurance,1892,134,2007,276.94,14.202051,2.343672,0.0127,19.5,13.72172288,True,0.18036605128205127
T,AT&T,Communication Services,Integrated Telecommunication Services,1983,43,1983,24.13,7.963696,1.502865,0.046,3.03,165.34806528,True,0.36633003300330036
ATO,Atmos Energy,Utilities,Gas Utilities,1906,120,2019,179.22,22.071428,2.0065608,0.0223,8.12,29.91537152,True,0.49219285714285715
ADSK,Autodesk,Information Technology,Application Software,1982,44,1989,209.75,30.575802,13.877861,,6.86,44.287717376,False,
ADP,Automatic Data Processing,Industrials,Human Resource & Employment Services,1949,77,1981,250.09,23.30755,15.777554,0.0272,10.73,99.969540096,True,0.6339653308480895
AZO,AutoZone,Consumer Discretionary,Automotive Retail,1979,47,1997,2957.41,20.325842,-17.385178,,145.5,48.280768512,False,
AVB,AvalonBay Communities,Real Estate,Multi-Family Residential REITs,1978,48,2007,189.61,26.045328,2.1839437,0.0376,7.28,27.111135232,True,0.9793043956043957
AVY,Avery Dennison,Materials,Paper & Plastic Packaging Products & Materials,1935,91,1987,160.9,18.119368,5.361903,0.0249,8.88,12.3073024,True,0.45117229729729724
AXON,Axon Enterprise,Industrials,Aerospace & Defense,1993,33,2023,502.34,204.20325,11.452477,,2.46,40.489648128,False,
BKR,Baker Hughes,Energy,Oil & Gas Equipment & Services,2017,9,2017,57.25,18.290733,2.939817,0.0161,3.13,56.795930624,True,0.2944808306709265
BALL,Ball Corporation,Materials,"Metal, Glass & Plastic Containers",1880,146,1984,63.84,18.612244,3.034365,0.0125,3.43,16.997177344,True,0.2326530612244898
BAC,Bank of America,Financials,Diversified Banks,1998,28,1976,62.05,14.330255,1.5771949,0.0206,4.33,440.343461888,True,0.295203233256351
BAX,Baxter International,Health Care,Health Care Equipment,1931,95,1972,22.4,,1.9143662,0.0089,-1.91,11.568905216,True,
BDX,Becton Dickinson,Health Care,Health Care Equipment,1897,129,1972,156.36,27.335665,1.7852576,0.0269,5.72,43.083501568,True,0.7353293706293708
BRK.B,Berkshire Hathaway,Financials,Multi-Sector Holdings,1839,187,2010,,,,,,,False,
BBY,Best Buy,Consumer Discretionary,Computer & Electronics Retail,1966,60,1999,85.43,15.82037,5.838573,0.0449,5.4,18.005835776,True,0.7103346296296297
TECH,Bio-Techne,Health Care,Life Sciences Tools & Services,1976,50,2021,71.6,102.28571,5.374165,0.0045,0.7,11.156042752,True,0.46028571428571424
BIIB,Biogen,Health Care,Biotechnology,1978,48,2003,202.19,21.74086,1.6000222,,9.3,29.850748928,False,
BLK,BlackRock,Financials,Asset Management & Custody Banks,1988,38,2011,1055.67,25.315828,2.8932772,0.0217,41.7,171.654397952,True,0.5493534532374101
BX,Blackstone Inc.,Financials,Asset Management & Custody Banks,1985,41,2023,130.0,29.082775,11.536073,0.0382,4.47,161.7989632,True,1.1109619686800893
BA,Boeing,Industrials,Aerospace & Defense,1916,110,1957,209.52,82.48819,27.601107,,2.54,165.165105152,False,
BKNG,Booking Holdings,Consumer Discretionary,"Hotels, Resorts & Cruise Lines",1996,30,2009,177.46,23.411612,-15.865891,0.0091,7.58,137.509945344,True,0.21304564643799473
BSX,Boston Scientific,Health Care,Health Care Equipment,1979,47,1995,44.25,18.514643,2.5428112,,2.39,65.771216896,False,
BMY,Bristol Myers Squibb,Health Care,Pharmaceuticals,1989,37,1957,62.09,17.392157,6.3176637,0.0406,3.57,126.792204288,True,0.706121568627451
AVGO,Broadcom,Information Technology,Semiconductors,1961,65,2014,381.92,63.653336,20.722734,0.0068,6.0,1817.0150912,True,0.43284266666666665
BR,Broadridge Financial Solutions,Industrials,Data Processing & Outsourced Services,1962,64,2018,148.92,15.927272,6.1125474,0.0262,9.35,17.2238336,True,0.4172945454545454
BRO,Brown & Brown,Financials,Insurance Brokers,1939,87,2021,67.66,22.03909,1.8004738,0.0098,3.07,22.933211136,True,0.21598306188925082
BF.B,Brown–Forman,Consumer Staples,Distillers & Vintners,1870,156,1982,,,,,,,False,
BLDR,Builders FirstSource,Industrials,Building Products,1998,28,2023,72.86,27.809162,1.9563934,,2.62,7.836812288,False,
BG,Bunge Global,Consumer Staples,Agricultural Products & Services,1818,208,2023,121.53,31.981579,1.4695284,0.0237,3.8,23.579021312,True,0.7579634210526316
BXP,"BXP, Inc.",Real Estate,Office REITs,1970,56,2006,69.11,34.72864,2.1284916,0.0405,1.99,12.32310272,True,1.4065100502512562
CHRW,C.H. Robinson,Industrials,Air Freight & Logistics,1905,121,2007,186.505,37.754047,12.931083,0.0135,4.94,21.983911936,True,0.5096796558704453
CDNS,Cadence Design Systems,Information Technology,Application Software,1988,38,2017,326.24,76.40281,13.7139015,,4.27,89.982205952,False,
CPT,Camden Property Trust,Real Estate,Multi-Family Residential REITs,1981,45,2022,113.73,31.768158,2.9350436,0.0373,3.58,11.269573632,True,1.1849522346368715
COF,Capital One,Financials,Consumer Finance,1994,32,1998,202.84,11.175757,1.1481422,0.0158,18.15,124.442345472,True,0.17657696969696973
CAH,Cardinal Health,Health Care,Health Care Distributors,1971,55,1997,228.03,34.866974,-18.922081,0.009,6.54,53.40596224,True,0.313802752293578
CCL,Carnival Corporation,Consumer Discretionary,"Hotels, Resorts & Cruise Lines",1972,54,1998,26.33,11.86036,2.7856538,0.0171,2.22,36.06286336,True,0.20281216216216214
CARR,Carrier Global,Industrials,Building Products,2020,6,2020,68.88,45.92,4.2571073,0.0139,1.5,57.210376192,True,0.6382879999999999
CAT,Caterpillar Inc.,Industrials,Construction Machinery & Heavy Transportation Equipment,1925,101,1957,888.73,44.23743,21.93799,0.0073,20.09,409.341886464,True,0.32293325037332005
CBOE,Cboe Global Markets,Financials,Financial Exchanges & Data,1973,53,2017,285.07,24.32338,5.5530233,0.0101,11.72,29.833654272,True,0.24566612627986342
CBRE,CBRE Group,Real Estate,Real Estate Services,1906,120,2006,139.46,31.840183,4.7934284,,4.38,40.836202496,False,
CDW,CDW Corporation,Information Technology,Technology Distributors,1984,42,2019,133.82,16.299635,6.703066,0.0188,8.21,17.095967744,True,0.3064331303288672
COR,Cencora,Health Care,Health Care Distributors,1985,41,2001,309.89,23.74636,17.745522,0.0077,13.05,60.292530176,True,0.18284697318007664
CNC,Centene Corporation,Health Care,Managed Health Care,1984,42,2016,63.41,,1.4612283,,-13.05,31.3116672,False,
CNP,CenterPoint Energy,Utilities,Multi-Utilities,1882,144,1985,44.56,27.337423,2.5459948,0.0215,1.63,29.149792256,True,0.5877546012269939
CF,CF Industries,Materials,Fertilizers & Agricultural Chemicals,1946,80,2008,125.07,11.257426,3.5964458,0.0192,11.11,19.214413824,True,0.2161425742574257
CRL,Charles River Laboratories,Health Care,Life Sciences Tools & Services,1947,79,2021,226.58,,3.7113843,,-3.72,10.913844224,False,
SCHW,Charles Schwab Corporation,Financials,Investment Banking & Brokerage,1971,55,1997,101.97,18.573772,4.1731124,0.0126,5.49,177.339645952,True,0.23402950819672128
CHTR,Charter Communications,Communication Services,Cable & Satellite,1993,33,2016,123.31,3.2078564,0.9255562,,38.44,16.619411456,False,
CVX,Chevron Corporation,Energy,Integrated Oil & Gas,1879,147,1957,194.79,33.876522,2.0966353,0.0366,5.75,387.94330112,True,1.239880695652174
CMG,Chipotle Mexican Grill,Consumer Discretionary,Restaurants,1993,33,2011,31.79,29.165138,16.990913,,1.09,40.778113024,False,
CB,Chubb Limited,Financials,Property & Casualty Insurance,1985,41,2010,359.75,12.7570915,1.8676766,0.0113,28.2,139.532664832,True,0.14415514184397163
CHD,Church & Dwight,Consumer Staples,Household Products,1847,179,2015,97.64,32.11842,5.5254374,0.0126,3.04,23.135172608,True,0.4046921052631579
CI,Cigna,Health Care,Health Care Services,1982,44,1976,289.57,12.269916,1.8152127,0.0215,23.6,76.60064768,True,0.26380317796610164
CINF,Cincinnati Financial,Financials,Property & Casualty Insurance,1950,76,1997,182.81,10.452258,1.7985499,0.0206,17.49,28.27828224,True,0.21531652372784452
CTAS,Cintas,Industrials,Diversified Support Services,1929,97,2001,205.91,42.02245,16.030361,0.0087,4.9,82.39427584,True,0.3655953061224489
CSCO,Cisco,Information Technology,Communications Equipment,1984,42,1993,114.17,38.056667,9.206515,0.0147,3.0,449.993572352,True,0.559433
C,Citigroup,Financials,Diversified Banks,1998,28,1988,132.19,14.244613,1.152083,0.0203,9.28,221.735518208,True,0.289165625
CFG,Citizens Financial Group,Financials,Regional Banks,1828,198,2016,71.88,15.66013,1.2621375,0.0256,4.59,30.38206976,True,0.4008993464052288
CLX,Clorox,Consumer Staples,Household Products,1913,113,1969,95.55,15.536586,-172.47293,0.0519,6.15,11.554035712,True,0.8063487804878048
CME,CME Group,Financials,Financial Exchanges & Data,1848,178,2006,255.31,21.63644,3.4722826,0.0204,11.8,92.249309184,True,0.44138338983050845
CMS,CMS Energy,Utilities,Multi-Utilities,1886,140,1957,74.7,20.635359,2.496741,0.0305,3.62,23.076294656,True,0.629378453038674
KO,Coca-Cola Company (The),Consumer Staples,Soft Drinks & Non-alcoholic Beverages,1886,140,1957,82.25,25.864779,10.523286,0.0258,3.18,353.879195648,True,0.667311320754717
CTSH,Cognizant,Information Technology,IT Consulting & Other Services,1994,32,2006,45.45,9.859002,1.4297398,0.029,4.61,21.497849856,True,0.2859110629067245
CL,Colgate-Palmolive,Consumer Staples,Household Products,1806,220,1957,90.75,35.17442,501.38123,0.0234,2.58,72.617181184,True,0.8230813953488373
CMCSA,Comcast,Communication Services,Cable & Satellite,1963,63,2002,22.295,7.1458335,0.88084227,0.0592,3.12,79.116853248,True,0.4230333333333334
COP,ConocoPhillips,Energy,Oil & Gas Exploration & Production,2002,24,1957,120.26,20.38305,2.2700417,0.0279,5.9,146.51203584,True,0.5686871186440678
ED,Consolidated Edison,Utilities,Multi-Utilities,1823,203,1957,113.01,19.057337,1.6247808,0.0311,5.93,41.647542272,True,0.592683136593592
STZ,Constellation Brands,Consumer Staples,Distillers & Vintners,1945,81,2005,130.16,12.396191,2.7033877,0.0317,10.5,22.231896064,True,0.3929592380952381
CEG,Constellation Energy,Utilities,Electric Utilities,1999,27,2022,274.35,23.815104,2.9690595,0.0062,11.52,97.970937856,True,0.14765364583333335
COO,Cooper Companies (The),Health Care,Health Care Supplies,1958,68,2016,70.31,59.584747,1.6632758,,1.18,13.712603136,False,
CPRT,Copart,Industrials,Diversified Support Services,1982,44,2018,27.94,17.354038,2.9481905,,1.61,25.86717184,False,
GLW,Corning Inc.,Information Technology,Electronic Components,1851,175,1995,146.65,70.50481,11.260846,0.0076,2.08,126.212530176,True,0.5358365384615384
CPAY,Corpay,Financials,Transaction & Payment Processing Services,2000,26,2018,370.58,22.17714,6.9820633,,16.71,24.22181888,False,
CTVA,Corteva,Materials,Fertilizers & Agricultural Chemicals,2019,7,2019,89.25,48.243244,2.4546878,0.0081,1.85,59.692183552,True,0.3907702702702702
CSGP,CoStar Group,Real Estate,Real Estate Services,1987,39,2022,27.66,395.14285,1.4230591,,0.07,11.29511936,False,
COST,Costco,Consumer Staples,Consumer Staples Merchandise Retail,1976,50,1993,935.03,46.93926,25.082623,0.0063,19.92,414.665998336,True,0.2957173192771084
CRWD,CrowdStrike,Information Technology,Systems Software,2011,15,2024,183.28,,40.272465,,-0.04,186.626555904,False,
CCI,Crown Castle,Real Estate,Telecom Tower REITs,1994,32,2012,74.9,30.571428,-9.757687,0.0567,2.45,32.73129984,True,1.7333999999999998
CSX,CSX Corporation,Industrials,Rail Transportation,1980,46,1957,53.23,30.947674,7.0021043,0.0105,1.72,98.607235072,True,0.3249505813953489
CMI,Cummins,Industrials,Construction Machinery & Heavy Transportation Equipment,1919,107,1965,664.65,34.49144,7.4256763,0.0132,19.27,91.71443712,True,0.45528697457187334
CVS,CVS Health,Health Care,Health Care Services,1996,30,1957,107.74,47.254387,1.7707288,0.0247,2.28,137.468411904,True,1.1671833333333335
DHR,Danaher Corporation,Health Care,Life Sciences Tools & Services,1969,57,1998,191.5,34.13547,2.5595446,0.0084,5.61,134.621831168,True,0.28673796791443845
DRI,Darden Restaurants,Consumer Discretionary,Restaurants,1938,88,1995,196.31,18.80364,10.164656,0.0312,10.44,22.484365312,True,0.5866735632183908
DVA,DaVita,Health Care,Health Care Services,1979,47,2008,235.44,22.682081,-20.625494,,10.38,15.111716864,False,
DECK,Deckers Brands,Consumer Discretionary,Footwear,1973,53,2024,96.04,13.66145,5.769208,,7.03,13.33812736,False,
DE,Deere & Company,Industrials,Agricultural & Farm Machinery,1837,189,1957,628.16,35.5898,6.1871223,0.0103,17.65,169.563897856,True,0.36657495750708213
DELL,Dell Technologies,Information Technology,"Technology Hardware, Storage & Peripherals",2016,10,2024,437.5,34.8328,-202.26537,0.0058,12.56,282.687307776,True,0.20203025477707004
DAL,Delta Air Lines,Industrials,Passenger Airlines,1929,97,2013,85.06,14.106135,2.550295,0.0091,6.03,55.93741312,True,0.1283658374792703
DVN,Devon Energy,Energy,Oil & Gas Exploration & Production,1971,55,2000,45.04,12.545961,1.8129126,0.0231,3.59,51.949277184,True,0.2898116991643454
DXCM,Dexcom,Health Care,Health Care Equipment,1999,27,2020,71.54,30.703863,9.3369875,,2.33,27.605354496,False,
FANG,Diamondback Energy,Energy,Oil & Gas Exploration & Production,2007,19,2018,204.68,208.85713,1.5786754,0.0215,0.98,57.579204608,True,4.490428571428572
DLR,Digital Realty,Real Estate,Data Center REITs,2004,22,2016,199.08,382.84616,2.7585635,0.0245,0.52,74.907631616,True,9.379730769230768
DG,Dollar General,Consumer Staples,Consumer Staples Merchandise Retail,1939,87,2012,117.23,16.58133,2.9241707,0.0201,7.07,25.859373056,True,0.3332847241867044
DLTR,Dollar Tree,Consumer Staples,Consumer Staples Merchandise Retail,1986,40,2011,120.45,19.333868,6.6422186,,6.23,23.147429888,False,
D,Dominion Energy,Utilities,Multi-Utilities,1983,43,2016,71.1,20.97345,2.2196553,0.0376,3.39,62.533337088,True,0.7886017699115043
DPZ,Domino's,Consumer Discretionary,Restaurants,1960,66,2020,332.97,18.865156,-2.7648885,0.0239,17.65,11.015225344,True,0.4508772237960341
DOV,Dover Corporation,Industrials,Industrial Machinery & Supplies & Components,1955,71,1985,202.2,24.449818,3.681987,0.0103,8.27,27.232339968,True,0.25183313180169287
DOW,Dow Inc.,Materials,Commodity Chemicals,2019,7,2019,29.84,,1.3590819,0.0469,-1.83,21.55464704,True,
DHI,D. R. Horton,Consumer Discretionary,Homebuilding,1978,48,2005,146.76,13.990467,1.7296813,0.0123,10.49,41.048956928,True,0.17208274547187796
DTE,DTE Energy,Utilities,Multi-Utilities,1995,31,1957,149.46,24.58224,2.5230854,0.0312,6.08,31.091914752,True,0.7669657894736842
DUK,Duke Energy,Utilities,Electric Utilities,1904,122,1976,130.52,20.08,1.8985832,0.0333,6.5,101.752905728,True,0.6686640000000001
DD,DuPont,Materials,Specialty Chemicals,2017,9,2019,137.7,120.789474,1.3399373,0.0174,1.14,18.592172032,True,2.101736842105263
ETN,Eaton Corporation,Industrials,Electrical Components & Equipment,1911,115,1957,404.07,39.53718,7.9560137,0.0109,10.22,156.900376576,True,0.43095528375733855
EBAY,eBay Inc.,Consumer Discretionary,Broadline Retail,1995,31,2002,109.39,25.263279,11.058431,0.0113,4.33,48.56915968,True,0.2854750577367205
ECL,Ecolab,Materials,Specialty Chemicals,1923,103,1989,268.75,36.36671,7.5606256,0.0109,7.39,75.6363264,True,0.39639715832205685
EIX,Edison International,Utilities,Electric Utilities,1886,140,1957,79.75,8.668478,1.7803327,0.044,9.2,30.687318016,True,0.3814130434782609
EW,Edwards Lifesciences,Health Care,Health Care Equipment,1958,68,2011,82.63,49.184525,4.616459,,1.68,47.578353664,False,
EA,Electronic Arts,Communication Services,Interactive Home Entertainment,1982,44,2002,209.06,59.561253,7.74899,0.0036,3.51,52.422107136,True,0.21442051282051283
ELV,Elevance Health,Health Care,Managed Health Care,2014,12,2002,377.68,16.696728,1.8246645,0.0182,22.62,81.907195904,True,0.30388045977011496
EMR,Emerson Electric,Industrials,Electrical Components & Equipment,1890,136,1965,147.94,34.24537,4.081216,0.015,4.32,82.861187072,True,0.5136805555555556
ETR,Entergy,Utilities,Electric Utilities,1913,113,1957,115.95,29.57908,3.0602548,0.0221,3.92,54.101700608,True,0.6536977040816327
EOG,EOG Resources,Energy,Oil & Gas Exploration & Production,1999,27,2000,146.39,14.394297,2.533225,0.0279,10.17,77.971488768,True,0.4016008849557522
EQT,EQT Corporation,Energy,Oil & Gas Exploration & Production,1888,138,2022,53.03,12.303945,1.320501,0.0124,4.31,33.171113984,True,0.15256890951276106
EFX,Equifax,Industrials,Research & Consulting Services,1899,127,1997,172.54,30.323374,4.632319,0.013,5.69,20.270843904,True,0.3942038664323374
EQIX,Equinix,Real Estate,Data Center REITs,1998,28,2015,1084.24,75.19001,7.478755,0.0182,14.42,106.932355072,True,1.3684582524271847
EQR,Equity Residential,Real Estate,Multi-Family Residential REITs,1969,57,2001,67.86,29.633188,2.4233983,0.0414,2.29,26.219474944,True,1.2268139737991266
ERIE,Erie Indemnity,Financials,Insurance Brokers,1925,101,2024,223.55,20.45288,4.9667845,0.0262,10.93,11.68940032,True,0.5358655077767613
ESS,Essex Property Trust,Real Estate,Multi-Family Residential REITs,1971,55,2014,293.46,33.01012,3.471995,0.0353,8.89,20.227080192,True,1.165257367829021
EL,Estée Lauder Companies (The),Consumer Staples,Personal Care Products,1946,80,2006,80.29,,7.274622,0.0174,-0.7,29.04851456,True,
EG,Everest Group,Financials,Reinsurance,1973,53,2017,385.12,7.8435845,1.0024049,0.0208,49.1,15.239814144,True,0.16314655804480652
EVRG,Evergy,Utilities,Electric Utilities,1909,117,2018,87.18,23.18617,1.9786205,0.0319,3.76,20.096124928,True,0.7396388297872342
ES,Eversource Energy,Utilities,Electric Utilities,1966,60,2009,74.91,16.040686,1.7037392,0.0421,4.67,28.172156928,True,0.6753128479657388
EXC,Exelon,Utilities,Electric Utilities,2000,26,1957,47.53,17.410255,1.6589878,0.0353,2.73,48.633081856,True,0.6145820512820512
EXPE,Expedia Group,Consumer Discretionary,"Hotels, Resorts & Cruise Lines",1996,30,2007,259.94,22.9832,54.154163,0.0068,11.31,31.198539776,True,0.15628576480990272
EXPD,Expeditors International,Industrials,Air Freight & Logistics,1979,47,2007,175.3,28.319872,10.131191,0.0092,6.19,22.927685632,True,0.2605428109854604
EXR,Extra Space Storage,Real Estate,Self-Storage REITs,1977,49,2016,147.71,33.19326,2.3398495,0.0439,4.45,32.598700032,True,1.4571840449438203
XOM,ExxonMobil,Energy,Integrated Oil & Gas,1999,27,1957,156.94,26.465431,2.557234,0.0263,5.93,650.50804224,True,0.6960408094435077
FFIV,"F5, Inc.",Information Technology,Communications Equipment,1996,30,2010,392.21,32.14836,6.0991197,,12.2,22.128193536,False,
FDS,FactSet,Financials,Financial Exchanges & Data,1978,48,2021,254.36,16.745228,4.477854,0.0182,15.19,9.046452224,True,0.3047631336405531
FICO,Fair Isaac,Information Technology,Application Software,1956,70,2023,1237.37,39.219334,-13.715181,,31.55,28.695732224,False,
FAST,Fastenal,Industrials,Trading Companies & Distributors,1967,59,2008,47.02,40.188038,13.260012,0.0204,1.17,53.95533824,True,0.8198358974358977
FRT,Federal Realty Investment Trust,Real Estate,Retail REITs,1962,64,2016,126.08,21.850954,3.4562352,0.0359,5.77,10.958671872,True,0.7844492201039863
FDX,FedEx,Industrials,Air Freight & Logistics,1971,55,1980,314.96,16.978975,2.3985074,0.0155,18.55,74.513604608,True,0.2631741239892183
FIS,Fidelity National Information Services,Financials,Transaction & Payment Processing Services,1968,58,2006,41.51,8.044574,1.3432353,0.0405,5.16,21.455652864,True,0.32580523255813953
FITB,Fifth Third Bancorp,Financials,Regional Banks,1858,168,1996,57.41,19.329966,1.9023161,0.0279,2.97,52.04635648,True,0.5393060606060606
FSLR,First Solar,Information Technology,Semiconductors,1999,27,2022,202.82,131.70131,2.206148,,1.54,21.793691648,False,
FE,FirstEnergy,Utilities,Electric Utilities,1997,29,1997,49.92,27.130434,2.2819529,0.0373,1.84,28.875282432,True,1.0119652173913043
F,Ford Motor Company,Consumer Discretionary,Automobile Manufacturers,1903,123,1957,14.37,,1.528886,0.0418,-1.55,57.260036096,True,
FTNT,Fortinet,Information Technology,Systems Software,2000,26,2018,152.37,59.05814,113.03412,,2.58,111.633629184,False,
FTV,Fortive,Industrials,Industrial Machinery & Supplies & Components,2016,10,2016,62.31,36.652943,3.1303692,0.0039,1.7,18.995890176,True,0.14294647058823529
FOXA,Fox Corporation (Class A),Communication Services,Broadcasting,2019,7,2019,55.31,14.5552635,2.1217585,0.0101,3.8,23.224705024,True,0.14700815789473684
FOX,Fox Corporation (Class B),Communication Services,Broadcasting,2019,7,2019,49.41,13.002632,1.8954272,0.0113,3.8,20.747290624,True,0.14692973684210525
BEN,Franklin Resources,Financials,Asset Management & Custody Banks,1947,79,1998,32.49,24.801529,1.3925081,0.0406,1.31,16.883011584,True,1.0069419847328245
FCX,Freeport-McMoRan,Materials,Copper,1912,114,2011,62.6,30.686274,4.358117,0.0096,2.04,89.991241728,True,0.2945882352941176
GRMN,Garmin,Consumer Discretionary,Consumer Electronics,1989,37,2012,243.03,27.093645,5.056699,0.0173,8.97,46.869843968,True,0.468720066889632
IT,Gartner,Information Technology,IT Consulting & Other Services,1979,47,2017,140.5,13.883399,150.42827,,10.12,9.40674048,False,
GE,GE Aerospace,Industrials,Aerospace & Defense,1892,134,1957,353.73,41.664314,20.806425,0.0053,8.49,367.01700096,True,0.22082084805653712
GEHC,GE HealthCare,Health Care,Health Care Equipment,1994,32,2023,60.58,14.527578,2.5831487,0.0023,4.17,27.55734528,True,0.03341342925659472
GEV,GE Vernova,Industrials,Heavy Electrical Equipment,2024,2,2024,1014.75,29.067602,22.60274,0.002,34.91,270.262009856,True,0.058135204812374684
GEN,Gen Digital,Information Technology,Systems Software,1982,44,2003,25.84,16.4586,5.918461,0.0193,1.57,15.566891008,True,0.3176509554140128
GNRC,Generac,Industrials,Heavy Electrical Equipment,1959,67,2021,202.01,63.326015,4.437537,,3.19,11.892062208,False,
GD,General Dynamics,Industrials,Aerospace & Defense,1899,127,1957,386.75,24.3239,4.0044107,0.0164,15.9,104.588869632,True,0.3989119496855346
GIS,General Mills,Consumer Staples,Packaged Foods & Meats,1856,170,1957,36.03,,3.4798145,0.0677,-0.16,19.22951168,True,
GM,General Motors,Consumer Discretionary,Automobile Manufacturers,1908,118,2013,82.64,36.892857,1.2223043,0.0087,2.24,74.743873536,True,0.3209678571428571
GPC,Genuine Parts Company,Consumer Discretionary,Distributors,1925,101,1973,124.21,496.84,3.7833145,0.0342,0.25,17.123560448,True,16.991928
GILD,Gilead Sciences,Health Care,Biotechnology,1987,39,2004,129.31,17.617165,6.8298736,0.0254,7.34,160.547405824,True,0.4474760217983651
GPN,Global Payments,Financials,Transaction & Payment Processing Services,2000,26,2016,80.92,29.749998,0.9298477,0.0124,2.72,22.135140352,True,0.3689
GL,Globe Life,Financials,Life & Health Insurance,1900,126,1989,173.48,11.5345745,2.2206576,0.0076,15.04,13.469812736,True,0.0876627659574468
GDDY,GoDaddy,Information Technology,Internet Services & Infrastructure,1997,29,2024,93.16,14.763867,52.073784,,6.31,12.335301632,False,
GS,Goldman Sachs,Financials,Investment Banking & Brokerage,1869,157,2002,1061.23,16.392185,2.895967,0.0188,64.74,313.07071488,True,0.30817306147667595
HAL,Halliburton,Energy,Oil & Gas Equipment & Services,1919,107,1957,33.36,17.46597,2.5840435,0.0204,1.91,27.868870656,True,0.3563057591623037
HIG,Hartford (The),Financials,Property & Casualty Insurance,1810,216,1957,140.53,9.711818,2.0820184,0.0171,14.47,38.523604992,True,0.1660720801658604
HAS,Hasbro,Consumer Discretionary,Leisure Products,1923,103,1984,88.79,15.798933,19.390697,0.0315,5.62,12.562958336,True,0.49766637010676157
HCA,HCA Healthcare,Health Care,Health Care Facilities,1968,58,2015,382.19,12.820866,-13.493505,0.0082,29.81,84.784955392,True,0.10513109694733312
DOC,Healthpeak Properties,Real Estate,Health Care REITs,1985,41,2008,22.27,69.59375,1.9783247,0.0548,0.32,15.353377792,True,3.8137375000000002
HSIC,Henry Schein,Health Care,Health Care Distributors,1932,94,2015,85.47,25.821753,2.9944296,,3.31,9.736465408,False,
HSY,Hershey Company (The),Consumer Staples,Packaged Foods & Meats,1894,132,1957,174.3,32.458103,7.468507,0.0333,5.37,35.355602944,True,1.0808547486033522
HPE,Hewlett Packard Enterprise,Information Technology,"Technology Hardware, Storage & Peripherals",2015,11,2015,47.69,44.57009,2.49516,0.012,1.07,63.151263744,True,0.534841121495327
HLT,Hilton Worldwide,Consumer Discretionary,"Hotels, Resorts & Cruise Lines",1919,107,2017,324.97,49.53811,-12.56554,0.0018,6.56,73.978888192,True,0.08916859756097563
HD,Home Depot (The),Consumer Discretionary,Home Improvement Retail,1978,48,1988,332.98,23.632364,23.927853,0.028,14.09,332.019924992,True,0.6617061745919093
HON,Honeywell Technologies,Industrials,Industrial Conglomerates,1906,120,1957,243.15,9.344734,5.668625,0.0392,26.02,77.063962624,True,0.3663136049192929
HRL,Hormel Foods,Consumer Staples,Packaged Foods & Meats,1891,135,2009,25.31,29.776468,1.7521634,0.0462,0.85,13.928470528,True,1.3756729411764705
HST,Host Hotels & Resorts,Real Estate,Hotel & Resort REITs,1993,33,2007,24.5,16.666666,2.457865,0.0327,1.47,16.9972736,True,0.545
HWM,Howmet Aerospace,Industrials,Aerospace & Defense,1888,138,2016,289.26,1701.5294,21.00501,0.0017,0.17,115.735093248,True,2.8925999999999994
HPQ,HP Inc.,Information Technology,"Technology Hardware, Storage & Peripherals",1939,87,1974,25.75,9.537037,-164.01273,0.0466,2.7,23.54895872,True,0.44442592592592595
HUBB,Hubbell Incorporated,Industrials,Industrial Machinery & Supplies & Components,1888,138,2023,486.09,28.728724,6.8157153,0.0117,16.92,25.685858304,True,0.3361260638297872
HUM,Humana,Health Care,Managed Health Care,1961,65,2012,389.32,41.50533,2.5157347,0.0091,9.38,46.74234368,True,0.3776985074626865
HBAN,Huntington Bancshares,Financials,Regional Banks,1866,160,1997,17.36,13.3538475,1.1792678,0.0357,1.3,35.074404352,True,0.4767323076923077
HII,Huntington Ingalls Industries,Industrials,Aerospace & Defense,2011,15,2018,287.59,18.68681,2.200248,0.0192,15.39,11.332204544,True,0.3587867446393761
IBM,IBM,Information Technology,IT Consulting & Other Services,1911,115,1957,214.19,19.005323,6.105236,0.0316,11.27,201.795764224,True,0.6005682342502219
IEX,IDEX Corporation,Industrials,Industrial Machinery & Supplies & Components,1988,38,2019,223.27,32.97932,4.0962462,0.0131,6.77,16.525341696,True,0.43202909896602665
IDXX,Idexx Laboratories,Health Care,Health Care Equipment,1983,43,2017,544.32,39.994125,27.71769,,13.61,42.937593856,False,
ITW,Illinois Tool Works,Industrials,Industrial Machinery & Supplies & Components,1912,114,1986,283.02,26.254173,25.217855,0.0228,10.78,81.424850944,True,0.5985951762523192
INCY,Incyte,Health Care,Biotechnology,1991,35,2017,117.67,16.620056,4.1844172,,7.08,23.50836736,False,
IR,Ingersoll Rand,Industrials,Industrial Machinery & Supplies & Components,1859,167,2020,84.4,57.027027,3.2456546,0.0009,1.48,33.028829184,True,0.05132432432432432
PODD,Insulet Corporation,Health Care,Health Care Equipment,2000,26,2023,163.26,38.144855,8.681272,,4.28,11.30814976,False,
INTC,Intel,Information Technology,Semiconductors,1968,58,1976,92.32,,4.1628714,,-2.09,465.662050304,False,
ICE,Intercontinental Exchange,Financials,Financial Exchanges & Data,2000,26,2007,145.79,21.22125,2.7992933,0.0143,6.87,82.446065664,True,0.30346390101892284
IFF,International Flavors & Fragrances,Materials,Specialty Chemicals,1958,68,1976,75.94,23.510836,1.3725172,0.0211,3.23,19.387746304,True,0.49607863777089783
IP,International Paper,Materials,Paper & Plastic Packaging Products & Materials,1898,128,1957,42.16,,1.5072753,0.0439,-5.19,22.324434944,True,
INTU,Intuit,Information Technology,Application Software,1983,43,2000,296.33,18.079927,3.9397726,0.0162,16.39,81.057210368,True,0.29289481391092126
ISRG,Intuitive Surgical,Health Care,Health Care Equipment,1995,31,2008,337.5,38.748566,6.5740776,,8.71,120.918843392,False,
IVZ,Invesco,Financials,Asset Management & Custody Banks,1935,91,2008,29.93,,1.3615686,0.0287,-1.47,13.267868672,True,
INVH,Invitation Homes,Real Estate,Single-Family Residential REITs,2012,14,2022,29.78,31.34737,1.9457693,0.0403,0.95,17.690570752,True,1.263298947368421
IQV,IQVIA,Health Care,Life Sciences Tools & Services,1982,44,2017,208.05,25.84472,5.581639,,8.05,34.723545088,False,
IRM,Iron Mountain,Real Estate,Other Specialized REITs,1951,75,2009,128.31,139.46739,-31.417727,0.0269,0.92,38.175391744,True,3.7516728260869563
JBHT,J.B. Hunt,Industrials,Cargo Ground Transportation,1961,65,2015,288.3,40.951702,7.403507,0.0062,7.04,27.071369216,True,0.25390056818181816
JBL,Jabil,Information Technology,Electronic Manufacturing Services,1966,60,2023,312.59,39.07375,24.76745,0.001,8.0,32.75539456,True,0.03907375
JKHY,Jack Henry & Associates,Financials,Transaction & Payment Processing Services,1976,50,2018,150.58,21.06014,5.0228496,0.0158,7.15,10.698826752,True,0.3327502097902098
J,Jacobs Solutions,Industrials,Construction & Engineering,1947,79,2007,134.56,39.693214,4.8298635,0.0107,3.39,15.88896256,True,0.4247174041297935
JNJ,Johnson & Johnson,Health Care,Pharmaceuticals,1886,140,1973,263.4,30.592335,7.8079143,0.0203,8.61,634.76727808,True,0.6210243902439023
JCI,Johnson Controls,Industrials,Building Products,1885,141,2010,143.37,43.844036,6.470933,0.0112,3.27,87.472267264,True,0.4910532110091743
JPM,JPMorgan Chase,Financials,Diversified Banks,2000,26,1975,353.21,15.126766,2.6555743,0.017,23.35,938.90281472,True,0.25715503211991436
KVUE,Kenvue,Consumer Staples,Personal Care Products,2022,4,2023,19.28,22.952383,3.4895928,0.043,0.84,37.017767936,True,0.986952380952381
KDP,Keurig Dr Pepper,Consumer Staples,Soft Drinks & Non-alcoholic Beverages,1981,45,2022,29.68,21.985186,1.5984489,0.031,1.35,40.381407232,True,0.6815407407407407
KEY,KeyCorp,Financials,Regional Banks,1825,201,1994,22.65,13.245613,1.4036936,0.0362,1.71,24.281591808,True,0.47949122807017547
KEYS,Keysight Technologies,Information Technology,Electronic Equipment & Instruments,2014,12,2018,318.67,51.31562,8.595048,,6.21,54.45922816,False,
KMB,Kimberly-Clark,Consumer Staples,Household Products,1872,154,1957,109.7,21.218567,20.273518,0.0467,5.17,36.413853696,True,0.9909071566731141
KIM,Kimco Realty,Real Estate,Retail REITs,1958,68,2006,26.1,30.0,1.6942551,0.0398,0.87,17.601572864,True,1.194
KMI,Kinder Morgan,Energy,Oil & Gas Storage & Transportation,1997,29,2012,32.86,21.2,2.31148,0.0359,1.55,73.107775488,True,0.7610800000000001
KKR,KKR & Co.,Financials,Asset Management & Custody Banks,1976,50,2024,99.36,33.795918,3.1615121,0.0075,2.94,92.647391232,True,0.253469387755102
KLAC,KLA Corporation,Information Technology,Semiconductor Materials & Equipment,1975,51,1997,210.52,59.46893,47.191216,0.0044,3.54,274.997051392,True,0.2616632768361582
KHC,Kraft Heinz,Consumer Staples,Packaged Foods & Meats,2015,11,2015,25.67,,0.726208,0.0623,-4.86,30.438912,True,
KR,Kroger,Consumer Staples,Food Retail,1883,143,1957,56.87,33.25731,6.146779,0.0253,1.71,34.84125184,True,0.8414099415204678
LHX,L3Harris,Industrials,Aerospace & Defense,2019,7,2008,300.21,32.560734,2.9208705,0.0167,9.22,55.9276032,True,0.5437643167028199
LH,Labcorp,Health Care,Health Care Services,1978,48,2004,296.77,26.309397,2.7981858,0.0097,11.28,24.335138816,True,0.2552011524822695
LRCX,Lam Research,Information Technology,Semiconductor Materials & Equipment,1980,46,2012,305.21,57.80492,36.059784,0.0034,5.28,381.686775808,True,0.19653674242424238
LVS,Las Vegas Sands,Consumer Discretionary,Casinos & Gaming,1988,38,2019,46.08,17.860466,25.50083,0.026,2.58,30.53432832,True,0.4643720930232557
LDOS,Leidos,Industrials,Diversified Support Services,1969,57,2019,112.14,10.259835,2.8137703,0.0153,10.93,14.105581568,True,0.1569754803293687
LEN,Lennar,Consumer Discretionary,Homebuilding,1954,72,2005,84.64,13.266458,0.94305354,0.0236,6.38,20.389363712,True,0.3130884012539185
LLY,Lilly (Eli),Health Care,Pharmaceuticals,1876,150,1970,1196.03,42.548203,34.253517,0.0058,28.11,1066.549444608,True,0.24677958022056207
LIN,Linde plc,Materials,Industrial Gases,1879,147,1992,512.28,34.015938,6.1448045,0.0125,15.06,236.85128192,True,0.425199203187251
LYV,Live Nation Entertainment,Communication Services,Movies & Entertainment,2010,16,2019,177.24,,-293.44373,,-1.77,41.246019584,False,
LMT,Lockheed Martin,Industrials,Aerospace & Defense,1995,31,1957,582.6,21.50609,17.89257,0.0237,27.09,134.458687488,True,0.5096943521594685
L,Loews Corporation,Financials,Multi-line Insurance,1959,67,1995,117.9,15.0,1.2970582,0.0021,7.86,24.260151296,True,0.0315
LOW,Lowe's,Consumer Discretionary,Home Improvement Retail,1904,122,1984,207.64,17.537163,-12.565965,0.0241,11.84,116.425220096,True,0.42264560810810814
LULU,Lululemon Athletica,Consumer Discretionary,"Apparel, Accessories & Luxury Goods",1998,28,2023,114.28,9.253441,2.7097905,,12.35,12.97694208,False,
LYB,LyondellBasell,Materials,Specialty Chemicals,2007,19,2012,60.32,,1.9391756,0.0683,-2.12,19.47037696,True,
MTB,M&T Bank,Financials,Regional Banks,1856,170,2004,249.6,13.213341,1.4179723,0.024,18.89,36.175273984,True,0.3171201694017999
MPC,Marathon Petroleum,Energy,Oil & Gas Refining & Marketing,2009,17,2011,309.24,20.37154,5.4084682,0.0126,15.18,90.278486016,True,0.2566814229249012
MAR,Marriott International,Consumer Discretionary,"Hotels, Resorts & Cruise Lines",1927,99,1998,374.43,39.20733,-24.220842,0.0078,9.55,98.73293312,True,0.3058171727748691
MLM,Martin Marietta Materials,Materials,Construction Materials,1993,33,2014,559.6,35.084637,2.9749181,0.0059,15.95,33.601683456,True,0.20699937304075236
MAS,Masco,Industrials,Building Products,1929,97,1981,79.27,19.621286,-66.05833,0.0161,4.04,15.991487488,True,0.3159027227722772
MA,Mastercard,Financials,Transaction & Payment Processing Services,1966,60,2008,539.66,31.248405,71.232834,0.0064,17.27,476.83485696,True,0.19998980891719745
MKC,McCormick & Company,Consumer Staples,Packaged Foods & Meats,1889,137,2003,49.96,8.312812,1.9200615,0.0384,6.01,13.43182336,True,0.3192119800332779
MCD,McDonald's,Consumer Discretionary,Restaurants,1940,86,1970,264.76,21.826876,-146.27626,0.0281,12.13,188.113534976,True,0.6133352019785655
MCK,McKesson Corporation,Health Care,Health Care Distributors,1833,193,1999,840.9,21.92699,-46.458565,0.0045,38.35,98.45067776,True,0.09867144719687092
MDT,Medtronic,Health Care,Health Care Equipment,1949,77,1986,83.21,22.308311,2.1535792,0.0346,3.73,106.512556032,True,0.7718675603217158
MRK,Merck & Co.,Health Care,Pharmaceuticals,1891,135,1957,131.07,36.92113,7.0558786,0.0259,3.55,323.719921664,True,0.9562571830985915
META,Meta Platforms,Communication Services,Interactive Media & Services,2004,22,2013,595.19,21.643272,6.199056,0.0035,27.5,1510.844137472,True,0.07575145454545455
MET,MetLife,Financials,Life & Health Insurance,1868,158,2000,94.83,18.34236,2.242056,0.025,5.17,61.017112576,True,0.4585589941972921
MTD,Mettler Toledo,Health Care,Life Sciences Tools & Services,1945,81,2016,1327.18,31.154463,-640.2219,,42.6,26.8191232,False,
MGM,MGM Resorts,Consumer Discretionary,Casinos & Gaming,1986,40,2017,45.54,62.38356,4.7881403,,0.73,11.651465216,False,
MCHP,Microchip Technology,Information Technology,Semiconductors,1989,37,2007,78.86,358.45456,6.645879,0.0231,0.22,42.821640192,True,8.2803
MU,Micron Technology,Information Technology,Semiconductors,1978,48,1994,920.95,20.83126,10.322816,0.0006,44.21,1040.11464704,True,0.012498755937570685
MSFT,Microsoft,Information Technology,Systems Software,1975,51,1994,381.7,22.73377,6.8433228,0.0095,16.79,2835.433652224,True,0.21597081596188208
MAA,Mid-America Apartment Communities,Real Estate,Multi-Family Residential REITs,1977,49,2016,133.88,40.693012,2.811483,0.0457,3.29,15.975451648,True,1.8596705167173249
MRNA,Moderna,Health Care,Biotechnology,2010,16,2021,54.07,,2.8976421,,-8.14,21.4542336,False,
TAP,Molson Coors Beverage Company,Consumer Staples,Brewers,2005,21,1976,40.95,,0.7647773,0.0469,-10.55,7.680228352,True,
MDLZ,Mondelez International,Consumer Staples,Packaged Foods & Meats,2012,14,2012,60.52,90.328354,3.0169492,0.033,0.67,77.686489088,True,2.9808358208955226
MPWR,Monolithic Power Systems,Information Technology,Semiconductors,1997,29,2021,1333.81,95.20414,17.819298,0.006,14.01,65.530089472,True,0.5712248394004282
MNST,Monster Beverage,Consumer Staples,Soft Drinks & Non-alcoholic Beverages,2012,14,2012,93.49,45.164253,10.476244,,2.07,91.433975808,False,
MCO,Moody's Corporation,Financials,Financial Exchanges & Data,1909,117,1998,471.5,29.936508,26.993761,0.0087,15.75,81.654841344,True,0.260447619047619
MS,Morgan Stanley,Financials,Investment Banking & Brokerage,1935,91,1993,214.48,17.324717,3.240956,0.0214,12.38,337.16256768,True,0.3707489499192245
MOS,Mosaic Company (The),Materials,Fertilizers & Agricultural Chemicals,2004,22,2011,22.3,159.2857,0.60047925,0.0395,0.14,7.087980032,True,6.291785714285714
MSI,Motorola Solutions,Information Technology,Communications Equipment,1928,98,1957,417.83,33.668816,27.296661,0.0116,12.41,69.35793664,True,0.3905582594681708
MSCI,MSCI Inc.,Financials,Financial Exchanges & Data,1969,57,2018,550.79,30.114267,-14.88863,0.0149,18.29,40.042430464,True,0.4487026243849098
NDAQ,"Nasdaq, Inc.",Financials,Financial Exchanges & Data,1971,55,2008,92.09,26.848394,4.322054,0.0126,3.43,51.476221952,True,0.33828979591836733
NTAP,NetApp,Information Technology,"Technology Hardware, Storage & Peripherals",1992,34,1999,167.74,26.374214,24.334833,0.0124,6.36,32.863608832,True,0.327040251572327
NFLX,Netflix,Communication Services,Movies & Entertainment,1997,29,2010,70.09,22.040878,9.679602,,3.18,291.850518528,False,
NEM,Newmont,Materials,Gold,1921,105,1969,93.19,11.751576,2.8001804,0.0112,7.93,98.193588224,True,0.13161765447667087
NWSA,News Corp (Class A),Communication Services,Publishing,2013,13,2013,26.76,33.873417,1.7152747,0.0075,0.79,14.501440512,True,0.2540506329113924
NWS,News Corp (Class B),Communication Services,Publishing,2013,13,2015,30.19,38.21519,1.9351324,0.0066,0.79,16.360182784,True,0.252220253164557
NEE,NextEra Energy,Utilities,Multi-Utilities,1984,42,1976,89.78,20.175282,3.390355,0.0278,4.45,187.245641728,True,0.560872808988764
NKE,"Nike, Inc.",Consumer Discretionary,"Apparel, Accessories & Luxury Goods",1964,62,1988,41.7,19.857143,4.160016,0.0393,2.1,61.861900288,True,0.7803857142857143
NI,NiSource,Utilities,Multi-Utilities,1912,114,2000,46.68,23.22388,2.3168552,0.0257,2.01,22.380224512,True,0.5968537313432837
NDSN,Nordson Corporation,Industrials,Industrial Machinery & Supplies & Components,1935,91,2022,295.77,31.565634,5.146332,0.0111,9.37,16.479696896,True,0.3503785485592316
NSC,Norfolk Southern,Industrials,Rail Transportation,1881,145,1957,350.66,29.945347,4.845914,0.0154,11.71,78.761172992,True,0.4611583262169086
NTRS,Northern Trust,Financials,Asset Management & Custody Banks,1889,137,1998,180.52,15.49528,2.7601602,0.0182,11.65,22.173585408,True,0.28201407725321886
NOC,Northrop Grumman,Industrials,Aerospace & Defense,1994,32,1957,542.24,17.241335,4.499917,0.0173,31.45,77.032251392,True,0.2982751033386327
NCLH,Norwegian Cruise Line Holdings,Consumer Discretionary,"Hotels, Resorts & Cruise Lines",2011,15,2017,19.37,15.620968,3.6574774,,1.24,8.89296384,False,
NRG,NRG Energy,Utilities,Independent Power Producers & Energy Traders,1992,34,2010,141.03,153.29347,7.103712,0.0135,0.92,29.755420672,True,2.069461956521739
NUE,Nucor,Materials,Steel,1940,86,1985,247.56,24.559525,2.6280534,0.009,10.08,56.379547648,True,0.22103571428571428
NVDA,Nvidia,Information Technology,Semiconductors,1993,33,2001,206.84,31.626911,25.630732,0.0048,6.54,5009.871732736,True,0.1518091743119266
NVR,"NVR, Inc.",Consumer Discretionary,Homebuilding,1980,46,2019,6414.67,16.666676,5.01534,,384.88,17.179467776,False,
NXPI,NXP Semiconductors,Information Technology,Semiconductors,1953,73,2021,269.24,256.41904,6.224626,0.0151,1.05,67.975307264,True,3.871927619047619
ORLY,O’Reilly Automotive,Consumer Discretionary,Automotive Retail,1957,69,2009,87.4,28.469057,-68.17473,,3.07,72.429699072,False,
OXY,Occidental Petroleum,Energy,Oil & Gas Exploration & Production,1920,106,1957,57.3,77.432434,1.8533493,0.0182,0.74,56.992567296,True,1.4092702702702702
ODFL,Old Dominion,Industrials,Cargo Ground Transportation,1934,92,2019,232.99,48.53958,11.022329,0.005,4.8,48.45453312,True,0.2426979166666667
OMC,Omnicom Group,Communication Services,Advertising,1986,40,1997,79.66,,2.4057746,0.0402,-0.37,22.70359552,True,
ON,ON Semiconductor,Information Technology,Semiconductors,1999,27,2022,86.81,63.83088,4.6589384,,1.36,33.78520064,False,
OKE,Oneok,Energy,Oil & Gas Storage & Transportation,1906,120,2010,93.16,16.60606,2.6252608,0.0459,5.61,58.693861376,True,0.7622181818181817
ORCL,Oracle Corporation,Information Technology,Application Software,1977,49,1989,114.99,19.723843,8.818252,0.0174,5.83,331.225366528,True,0.34319485420240137
OTIS,Otis Worldwide,Industrials,Industrial Machinery & Supplies & Components,2020,6,2020,71.93,18.491003,-4.787673,0.0245,3.89,27.381547008,True,0.4530295629820052
PCAR,Paccar,Industrials,Construction Machinery & Heavy Transportation Equipment,1905,121,1980,132.24,28.196163,3.522455,0.0106,4.69,69.596094464,True,0.29887931769722814
PKG,Packaging Corporation of America,Materials,Paper & Plastic Packaging Products & Materials,1959,67,2017,254.39,32.994812,4.9098663,0.0236,7.71,22.665805824,True,0.7786775616083008
PLTR,Palantir Technologies,Information Technology,Application Software,2003,23,2024,122.92,138.11237,34.870922,,0.89,294.677577728,False,
PANW,Palo Alto Networks,Information Technology,Systems Software,2005,21,2023,323.79,276.74362,9.51428,,1.17,263.888863232,False,
PH,Parker Hannifin,Industrials,Industrial Machinery & Supplies & Components,1917,109,1985,987.54,36.494457,8.523195,0.0081,27.06,124.515352576,True,0.2956050997782705
PAYX,Paychex,Industrials,Human Resource & Employment Services,1971,55,1998,113.55,23.22086,10.810168,0.0419,4.89,40.3877888,True,0.9729539877300614
PYPL,PayPal,Financials,Transaction & Payment Processing Services,1998,28,2015,56.15,10.53471,2.5013366,0.01,5.33,49.53022464,True,0.10534709193245778
PNR,Pentair,Industrials,Industrial Machinery & Supplies & Components,1966,60,2012,62.88,15.798995,2.667006,0.0169,3.98,10.16175616,True,0.2670030150753768
PEP,PepsiCo,Consumer Staples,Soft Drinks & Non-alcoholic Beverages,1898,128,1957,136.64,17.931759,8.44656,0.0433,7.62,186.650247168,True,0.7764451443569552
PFE,Pfizer,Health Care,Pharmaceuticals,1849,177,1957,24.54,18.732826,1.5521822,0.0701,1.31,139.864358912,True,1.3131709923664119
PCG,PG&E Corporation,Utilities,Multi-Utilities,1905,121,2022,17.85,12.841727,1.2412211,0.0112,1.39,47.839973376,True,0.1438273381294964
PM,Philip Morris International,Consumer Staples,Tobacco,2008,18,2008,193.0,212.0879,-32.415184,0.0305,0.91,300.801851392,True,6.468681318681318
PSX,Phillips 66,Energy,Oil & Gas Refining & Marketing,2012,14,2012,206.77,20.452028,2.9059505,0.0246,10.11,82.901336064,True,0.5031198813056381
PNW,Pinnacle West Capital,Utilities,Multi-Utilities,1985,41,1999,106.06,19.787312,1.8184311,0.0343,5.36,12.853110784,True,0.6787048507462685
PNC,PNC Financial Services,Financials,Diversified Banks,1845,181,1988,250.99,13.813429,1.7473788,0.0319,18.17,100.145012736,True,0.440648376444689
PPG,PPG Industries,Materials,Specialty Chemicals,1883,143,1957,116.0,16.618912,3.1905825,0.0255,6.98,25.85639936,True,0.42378223495702
PPL,PPL Corporation,Utilities,Electric Utilities,1920,106,2001,36.22,22.22086,1.8139932,0.0315,1.63,27.250130944,True,0.699957055214724
PFG,Principal Financial Group,Financials,Life & Health Insurance,1879,147,2002,109.4,15.69584,2.0041401,0.03,6.97,23.631755264,True,0.4708751793400287
PG,Procter & Gamble,Consumer Staples,Personal Care Products,1837,189,1957,147.41,21.55117,6.3866386,0.0295,6.84,343.258791936,True,0.6357595029239765
PGR,Progressive Corporation,Financials,Property & Casualty Insurance,1937,89,1997,213.83,10.729052,3.621046,0.065,19.93,124.320759808,True,0.697388359257401
PLD,Prologis,Real Estate,Industrial REITs,1983,43,2003,147.63,32.879734,2.5640004,0.029,4.49,140.853198848,True,0.9535122494432071
PRU,Prudential Financial,Financials,Life & Health Insurance,1875,151,2002,119.96,12.36701,1.3030491,0.0467,9.7,41.665122304,True,0.577539381443299
PEG,Public Service Enterprise Group,Utilities,Electric Utilities,1903,123,1957,79.81,17.65708,2.2970212,0.0336,4.52,39.771029504,True,0.5932778761061948
PTC,PTC Inc.,Information Technology,Application Software,1985,41,2021,118.52,11.385206,3.5464857,,10.41,13.689746432,False,
PSA,Public Storage,Real Estate,Self-Storage REITs,1972,54,2005,322.48,167.08809,11.613787,0.0372,1.93,60.22176768,True,6.215676683937824
PHM,PulteGroup,Consumer Discretionary,Homebuilding,1956,70,1984,128.75,13.151175,1.8960592,0.0081,9.79,24.52511744,True,0.10652451481103167
PWR,Quanta Services,Industrials,Construction & Engineering,1997,29,2009,625.84,86.20386,10.38325,0.0007,7.26,93.913645056,True,0.06034269972451791
QCOM,Qualcomm,Information Technology,Semiconductors,1985,41,1999,166.97,17.953764,6.4822583,0.022,9.3,175.986376704,True,0.39498279569892464
DGX,Quest Diagnostics,Health Care,Health Care Services,1967,59,2002,227.86,24.214666,3.3348455,0.0151,9.41,25.149673472,True,0.36564144527098835
RL,Ralph Lauren Corporation,Consumer Discretionary,"Apparel, Accessories & Luxury Goods",1967,59,2007,373.58,24.756792,7.901772,0.01,15.09,22.234114048,True,0.24756792577866135
RJF,Raymond James Financial,Financials,Investment Banking & Brokerage,1962,64,2017,169.3,14.773124,2.6222043,0.0128,11.46,32.522530816,True,0.18909598603839442
RTX,RTX Corporation,Industrials,Aerospace & Defense,1922,104,1957,212.79,37.463028,4.323506,0.0137,5.68,286.789435392,True,0.513243485915493
O,Realty Income,Real Estate,Retail REITs,1969,57,2015,65.6,53.77049,1.5625745,0.0496,1.22,61.171511296,True,2.6670163934426228
REG,Regency Centers,Real Estate,Retail REITs,1963,63,2017,82.15,28.23024,2.2495139,0.0368,2.91,15.356708864,True,1.038872852233677
REGN,Regeneron Pharmaceuticals,Health Care,Biotechnology,1988,38,2013,656.01,16.023693,2.1276574,0.0057,40.94,68.775452672,True,0.09133505129457745
RF,Regions Financial Corporation,Financials,Regional Banks,1971,55,1998,30.86,12.544716,1.5138582,0.0355,2.46,26.33529344,True,0.44533739837398373
RSG,Republic Services,Industrials,Environmental & Facilities Services,1998,28,2008,216.91,31.16523,5.576666,0.0115,6.96,66.735419392,True,0.3584001436781609
RMD,ResMed,Health Care,Health Care Equipment,1989,37,2017,195.27,18.83028,4.362698,0.0123,10.37,28.32516096,True,0.23161243972999038
RVTY,Revvity,Health Care,Health Care Equipment,1937,89,1985,110.47,53.11058,1.716839,0.0025,2.08,12.32400896,True,0.1327764423076923
ROK,Rockwell Automation,Industrials,Electrical Components & Equipment,1903,123,2000,462.16,48.09157,14.601289,0.0119,9.61,51.426369536,True,0.5722896982310094
ROL,"Rollins, Inc.",Industrials,Environmental & Facilities Services,1948,78,2018,38.56,35.054546,13.435541,0.0189,1.1,18.552967168,True,0.6625309090909092
ROP,Roper Technologies,Information Technology,Electronic Equipment & Instruments,1981,45,2009,367.34,15.312213,1.9427447,0.0099,23.99,36.329926656,True,0.15159091288036683
ROST,Ross Stores,Consumer Discretionary,Apparel Retail,1982,44,2009,238.89,33.31799,12.163443,0.0075,7.17,76.631392256,True,0.24988493723849373
RCL,Royal Caribbean Group,Consumer Discretionary,"Hotels, Resorts & Cruise Lines",1997,29,2014,293.54,17.920637,8.025043,0.017,16.38,78.725955584,True,0.3046507936507937
SPGI,S&P Global,Financials,Financial Exchanges & Data,1917,109,1957,426.4,26.953224,4.0488443,0.0091,15.82,126.214397952,True,0.24527433628318585
CRM,Salesforce,Information Technology,Application Software,1999,27,2008,163.66,18.98608,3.9152176,0.0108,8.62,134.03754496,True,0.2050496519721578
SBAC,SBA Communications,Real Estate,Telecom Tower REITs,1989,37,2017,173.57,18.28978,-3.8743305,0.0288,9.49,18.40935936,True,0.5267456269757639
SLB,Schlumberger,Energy,Oil & Gas Equipment & Services,1926,100,1957,52.42,25.570732,2.9938886,0.0225,2.05,77.791281152,True,0.5753414634146341
STX,Seagate Technology,Information Technology,"Technology Hardware, Storage & Peripherals",1979,47,2012,851.69,80.65246,174.52664,0.0035,10.56,192.696664064,True,0.28228361742424246
SRE,Sempra,Utilities,Multi-Utilities,1998,28,2017,92.98,31.62585,1.8842841,0.0283,2.94,60.781715456,True,0.8950115646258503
NOW,ServiceNow,Information Technology,Systems Software,2003,23,2019,98.78,61.7375,8.686247,,1.6,102.124888064,False,
SHW,Sherwin-Williams,Materials,Specialty Chemicals,1866,160,1964,317.51,30.500483,17.57014,0.0101,10.41,78.309277696,True,0.308054851104707
SPG,Simon Property Group,Real Estate,Retail REITs,2003,23,2002,229.78,15.979137,15.46507,0.0383,14.38,87.311712256,True,0.612000973574409
SWKS,Skyworks Solutions,Information Technology,Semiconductors,2002,24,2015,60.21,25.087498,1.5705864,0.0472,2.4,9.05594368,True,1.18413
SJM,J.M. Smucker Company (The),Consumer Staples,Packaged Foods & Meats,1897,129,2008,118.32,,2.2764792,0.0379,-1.3,12.646122496,True,
SW,Smurfit Westrock,Materials,Paper & Plastic Packaging Products & Materials,1934,92,2024,48.56,67.44444,1.4084344,0.0373,0.72,25.46797568,True,2.515677777777778
SNA,Snap-on,Industrials,Industrial Machinery & Supplies & Components,1920,106,1982,404.12,20.618366,3.4583623,0.0242,19.6,20.903964672,True,0.49896448979591834
SOLV,Solventum,Health Care,Health Care Technology,2023,3,2024,78.01,9.548347,2.7242885,,8.17,13.50936064,False,
SO,Southern Company,Utilities,Electric Utilities,1945,81,1957,97.25,24.872122,2.9532342,0.0313,3.91,109.630029824,True,0.778497442455243
LUV,Southwest Airlines,Industrials,Passenger Airlines,1967,59,1994,45.08,28.175001,3.1126149,0.016,1.6,22.053507072,True,0.4508
SWK,Stanley Black & Decker,Industrials,Industrial Machinery & Supplies & Components,1843,183,1982,91.26,37.401638,1.5802598,0.0368,2.44,14.186875904,True,1.3763803278688524
SBUX,Starbucks,Consumer Discretionary,Restaurants,1971,55,2000,103.25,78.816795,-13.898237,0.024,1.31,117.67402496,True,1.8916030534351145
STT,State Street Corporation,Financials,Asset Management & Custody Banks,1792,234,2003,185.4,16.363636,2.1308384,0.0198,11.33,50.929852416,True,0.32400000000000007
STLD,Steel Dynamics,Materials,Steel,1993,33,2022,247.11,22.423775,3.7775738,0.0086,11.02,35.636420608,True,0.19284446460980037
STE,Steris,Health Care,Health Care Equipment,1985,41,2019,214.07,27.029041,2.9144204,0.0118,7.92,20.862767104,True,0.31894267676767674
SYK,Stryker Corporation,Health Care,Health Care Equipment,1941,85,2000,330.25,38.17919,5.5095844,0.0107,8.65,126.604894208,True,0.4085173410404624
SMCI,Supermicro,Information Technology,"Technology Hardware, Storage & Peripherals",1993,33,2024,30.1,15.842106,2.3894577,,1.9,19.47087872,False,
SYF,Synchrony Financial,Financials,Consumer Finance,2003,23,2015,72.9,7.4769235,1.6104448,0.0187,9.75,23.719534592,True,0.13981846153846156
SNPS,Synopsys,Information Technology,Application Software,1986,40,2017,373.47,85.46224,2.3459022,,4.37,71.511785472,False,
SYY,Sysco,Consumer Staples,Food Distributors,1969,57,1986,83.11,23.086111,17.300167,0.0265,3.6,39.741755392,True,0.6117819444444443
TMUS,T-Mobile US,Communication Services,Wireless Telecommunication Services,1994,32,2019,180.09,18.837866,3.4996114,0.0227,9.56,193.177419776,True,0.4276195606694561
TROW,T. Rowe Price,Financials,Asset Management & Custody Banks,1937,89,2019,116.5,12.5,2.3227532,0.0446,9.32,24.962060288,True,0.5575
TTWO,Take-Two Interactive,Communication Services,Interactive Home Entertainment,1993,33,2018,231.65,,12.232666,,-1.62,43.00967936,False,
TPR,"Tapestry, Inc.",Consumer Discretionary,"Apparel, Accessories & Luxury Goods",2017,9,2004,142.6,43.475613,42.27691,0.0112,3.28,28.811577344,True,0.48692682926829267
TRGP,Targa Resources,Energy,Oil & Gas Storage & Transportation,2005,21,2022,281.33,28.736465,19.259943,0.0178,9.79,60.385767424,True,0.5115090909090909
TGT,Target Corporation,Consumer Staples,Consumer Staples Merchandise Retail,1902,124,1976,136.78,18.092592,3.7891295,0.0339,7.56,62.12425728,True,0.6133388888888889
TEL,TE Connectivity,Information Technology,Electronic Manufacturing Services,2007,19,2011,202.94,19.876593,4.479912,0.0147,10.21,58.840559616,True,0.29218589618021545
TDY,Teledyne Technologies,Information Technology,Electronic Equipment & Instruments,1960,66,2020,655.35,31.751453,2.8363497,,20.64,30.361798656,False,
TER,Teradyne,Information Technology,Semiconductor Materials & Equipment,1960,66,2020,349.92,64.92023,17.423693,0.0015,5.39,54.777233408,True,0.09738033395176253
TSLA,"Tesla, Inc.",Consumer Discretionary,Automobile Manufacturers,2003,23,2020,313.03,284.57272,13.97393,,1.1,1236.3268096,False,
TXN,Texas Instruments,Information Technology,Semiconductors,1930,96,2001,279.58,42.55403,14.175328,0.0203,6.57,255.282479104,True,0.8638468797564687
TXT,Textron,Industrials,Aerospace & Defense,1923,103,1978,95.53,18.230917,2.0755658,0.0008,5.24,16.611613696,True,0.01458473282442748
TMO,Thermo Fisher Scientific,Health Care,Life Sciences Tools & Services,2006,20,2004,568.26,30.5845,4.0662613,0.0033,18.58,211.177619456,True,0.10092884822389667
TJX,TJX Companies,Consumer Discretionary,Apparel Retail,1987,39,1985,154.22,30.003893,16.381985,0.0124,5.14,170.367516672,True,0.3720482490272374
TSCO,Tractor Supply,Consumer Discretionary,Other Specialty Retail,1938,88,2014,31.02,15.280788,6.4854693,0.0309,2.03,16.268427264,True,0.472176354679803
TT,Trane Technologies,Industrials,Building Products,1871,155,2010,480.99,36.772934,12.384838,0.0087,13.08,106.325467136,True,0.3199245412844036
TDG,TransDigm Group,Industrials,Aerospace & Defense,1993,33,2016,1236.71,38.61099,-7.524077,,32.03,69.17361664,False,
TRV,Travelers Companies (The),Financials,Property & Casualty Insurance,1853,173,2002,387.26,10.404621,2.439003,0.0129,37.22,80.772767744,True,0.13421961311123054
TRMB,Trimble Inc.,Information Technology,Application Software,1978,48,2021,52.91,27.70157,2.1746814,,1.91,12.333930496,False,
TFC,Truist Financial,Financials,Diversified Banks,1872,154,1997,51.76,11.89885,1.0875092,0.0402,4.35,63.231356928,True,0.4783337931034483
TYL,Tyler Technologies,Information Technology,Application Software,1966,60,2020,297.15,40.986206,3.544758,,7.25,12.224915456,False,
TSN,Tyson Foods,Consumer Staples,Packaged Foods & Meats,1935,91,2005,57.45,45.23622,1.1177913,0.0355,1.27,20.229834752,True,1.6058858267716534
USB,U.S. Bancorp,Financials,Diversified Banks,1968,58,1999,63.97,12.768463,1.6440082,0.0325,5.01,99.6481024,True,0.4149750499001996
UBER,Uber,Industrials,Passenger Ground Transportation,2009,17,2023,65.94,16.362282,5.4253745,,4.03,134.227402752,False,
UDR,"UDR, Inc.",Real Estate,Multi-Family Residential REITs,1972,54,2016,39.59,26.931973,3.9788945,0.0437,1.47,14.668715008,True,1.176927210884354
ULTA,Ulta Beauty,Consumer Discretionary,Other Specialty Retail,1990,36,2016,475.36,17.82377,7.4889326,,26.67,20.435398656,False,
UNP,Union Pacific Corporation,Industrials,Rail Transportation,1862,164,1957,307.32,24.88421,9.395866,0.018,12.35,182.571286528,True,0.44791578947368416
UAL,United Airlines Holdings,Industrials,Passenger Airlines,1967,59,2015,118.27,11.07397,2.2991388,,10.68,38.386860032,False,
UPS,United Parcel Service,Industrials,Air Freight & Logistics,1907,119,2002,114.79,18.574434,6.00586,0.0571,6.18,97.572216832,True,1.0606001618122978
URI,United Rentals,Industrials,Trading Companies & Distributors,1997,29,2014,1141.59,27.47509,7.9853244,0.0069,41.55,71.05540096,True,0.1895781227436823
UNH,UnitedHealth Group,Health Care,Managed Health Care,1977,49,1994,420.74,31.634584,3.6472862,0.0221,13.3,382.092673024,True,0.6991243609022557
UHS,Universal Health Services,Health Care,Health Care Facilities,1979,47,2014,155.75,6.5031314,1.2630564,0.0051,23.95,9.42853632,True,0.03316597077244259
VLO,Valero Energy,Energy,Oil & Gas Refining & Marketing,1980,46,2002,302.5,22.080292,3.7629995,0.0159,13.7,89.822158848,True,0.35107664233576646
VTR,Ventas,Real Estate,Health Care REITs,1998,28,2009,100.53,182.78181,3.7231956,0.0199,0.55,48.874643456,True,3.6373581818181817
VLTO,Veralto,Industrials,Environmental & Facilities Services,2023,3,2023,92.02,23.716494,7.521046,0.0057,3.88,22.600042496,True,0.13518402061855672
VRSN,Verisign,Information Technology,Internet Services & Infrastructure,1995,31,2006,280.0,30.401737,-11.229197,0.0116,9.21,25.312,True,0.35266015200868617
VRSK,Verisk Analytics,Industrials,Research & Consulting Services,1971,55,2015,201.34,30.692074,-22.589476,0.0099,6.56,26.379937792,True,0.30385152439024393
VZ,Verizon,Communication Services,Integrated Telecommunication Services,1983,43,1983,46.38,12.078126,1.8746212,0.061,3.84,193.662418944,True,0.736765625
VRTX,Vertex Pharmaceuticals,Health Care,Biotechnology,1989,37,2013,477.36,28.32997,6.2662935,,16.85,121.156550656,False,
VTRS,Viatris,Health Care,Pharmaceuticals,1961,65,2004,17.24,,1.3695582,0.0278,-0.3,20.076888064,True,
VICI,Vici Properties,Real Estate,Hotel & Resort REITs,2017,9,2022,26.73,9.154109,1.0136904,0.0673,2.92,29.431873536,True,0.6160715753424658
V,Visa Inc.,Financials,Transaction & Payment Processing Services,1958,68,2009,355.74,31.068995,19.082716,0.0075,11.45,676.526292992,True,0.23301746724890832
VST,Vistra Corp.,Utilities,Electric Utilities,2016,10,2024,163.38,27.321072,17.69714,0.0056,5.98,55.088873472,True,0.15299799331103678
VMC,Vulcan Materials Company,Materials,Construction Materials,1909,117,1999,279.7,33.100594,4.2848825,0.0074,8.45,36.29244416,True,0.24494437869822488
WRB,W. R. Berkley Corporation,Financials,Property & Casualty Insurance,1967,59,2019,75.46,15.987288,3.0222685,0.0053,4.72,28.000034816,True,0.08473262711864406
GWW,W. W. Grainger,Industrials,Industrial Machinery & Supplies & Components,1927,99,1981,1382.6,37.176662,16.614794,0.0067,37.19,65.276858368,True,0.24908362463027697
WAB,Wabtec,Industrials,Construction Machinery & Heavy Transportation Equipment,1999,27,2019,302.5,40.658604,4.6316857,0.0042,7.44,51.09553152,True,0.17076612903225805
WMT,Walmart,Consumer Staples,Consumer Staples Merchandise Retail,1962,64,1982,109.47,38.545776,9.239534,0.009,2.84,871.170899968,True,0.34691197183098593
DIS,Walt Disney Company (The),Communication Services,Movies & Entertainment,1923,103,1976,94.85,15.176,1.5225452,0.0158,6.25,164.70810624,True,0.23978080000000002
WBD,Warner Bros. Discovery,Communication Services,Broadcasting,2022,4,2022,25.77,,1.9830705,,-0.7,64.608915456,False,
WM,Waste Management,Industrials,Environmental & Facilities Services,1968,58,1998,238.75,277.61627,9.58412,0.0148,0.86,95.876210688,True,4.1087209302325585
WAT,Waters Corporation,Health Care,Life Sciences Tools & Services,1958,68,2002,374.68,47.60864,2.4052331,,7.87,36.788277248,False,
WEC,WEC Energy Group,Utilities,Electric Utilities,1896,130,2008,115.77,23.200401,2.767697,0.0329,4.99,37.709258752,True,0.7632931863727455
WFC,Wells Fargo,Financials,Diversified Banks,1852,174,1976,86.31,12.545057,1.6225513,0.0209,6.88,264.124940288,True,0.2621917151162791
WELL,Welltower,Real Estate,Health Care REITs,1970,56,2009,252.07,121.77296,4.0560937,0.0117,2.07,177.939857408,True,1.4247434782608697
WST,West Pharmaceutical Services,Health Care,Health Care Supplies,1923,103,2020,328.2,42.02305,7.7813077,0.0027,7.81,23.097325568,True,0.11346222791293215
WDC,Western Digital,Information Technology,"Technology Hardware, Storage & Peripherals",1970,56,2009,519.8,31.144396,24.852974,0.0012,16.69,179.165773824,True,0.03737327741162372
WY,Weyerhaeuser,Real Estate,Timber REITs,1900,126,1979,23.94,42.75,1.8287374,0.0351,0.56,17.261760512,True,1.5005249999999999
WMB,Williams Companies,Energy,Oil & Gas Storage & Transportation,1908,118,1975,74.0,32.456142,7.079985,0.0284,2.28,90.501873664,True,0.9217543859649123
WTW,Willis Towers Watson,Financials,Insurance Brokers,2016,10,2016,295.11,17.32883,3.487803,0.013,17.03,27.872540672,True,0.22527480916030532
WYNN,Wynn Resorts,Consumer Discretionary,Casinos & Gaming,2002,24,2008,96.92,27.770773,-46.776062,0.0103,3.49,10.059009024,True,0.28603896848137533
XEL,Xcel Energy,Utilities,Multi-Utilities,1909,117,1957,81.67,23.536022,2.1412654,0.029,3.47,50.984095744,True,0.6825446685878962
XYL,Xylem Inc.,Industrials,Industrial Machinery & Supplies & Components,2011,15,2011,119.75,29.788557,2.5408444,0.0144,4.02,28.463794176,True,0.42895522388059704
YUM,Yum! Brands,Consumer Discretionary,Restaurants,1997,29,1997,148.92,24.019356,-5.631523,0.0201,6.2,41.045512192,True,0.48278903225806447
ZBRA,Zebra Technologies,Information Technology,Electronic Equipment & Instruments,1969,57,2019,259.92,31.35344,3.6241443,,8.29,12.38087168,False,
ZBH,Zimmer Biomet,Health Care,Health Care Equipment,1927,99,2001,91.35,23.665804,1.3940393,0.0105,3.86,17.672798208,True,0.24849093264248706
ZTS,Zoetis,Health Care,Pharmaceuticals,1952,74,2013,75.35,12.352459,9.612195,0.0281,6.1,31.588839424,True,0.3471040983606557
